EMPLOYEE_ID,FIRST_NAME,LAST_NAME,TITLE,DEPARTMENT,BUSINESS_UNIT,GENDER,ETHNICITY,AGE,HIRE_DATE,ANNUAL_SALARY,MANAGER_ID
5000,Aaron,Powell,Enterprise Architect,IT,Research & Development,Male,Black,30,2017-09-11,79975 ,5615
5001,Aaron,Munoz,Network Administrator,IT,Manufacturing,Male,Latino,31,2021-06-13,60827 ,5615
5002,Abigail,Simmons,Sr. Manager,IT,Specialty Products,Female,Caucasian,29,2018-04-24,126550 ,5615
5003,Abigail,Chu,Sr. Manager,Human Resources,Manufacturing,Female,Asian,51,2006-04-17,147436 ,5684
5004,Abigail,Zhu,Director,Finance,Corporate,Female,Asian,31,2022-01-17,152474 ,5520
5005,Abigail,Carter,Director,Human Resources,Research & Development,Female,Black,51,2015-01-12,178218 ,5684
5006,Adam,Medina,IT Systems Architect,IT,Manufacturing,Male,Latino,49,2020-10-04,81622 ,5615
5007,Adam,Davis,Quality Engineer,Engineering,Research & Development,Male,Black,44,2019-10-15,71345 ,
5008,Adam,Jordan,,,Corporate,Male,Caucasian,55,2015-03-12,79620 ,
5009,Addison,Lo,Cloud Infrastructure Architect,IT,Research & Development,Female,Asian,27,2020-08-28,68712 ,5615
5010,Addison,Li,HRIS Analyst,Human Resources,Research & Development,Female,Asian,37,2010-03-04,61680 ,5684
5011,Addison,Cruz,,Sales,Corporate,Female,,32,2014-09-08,42075 ,5775
5012,Addison,Ma,Systems Analyst,IT,Research & Development,Female,Asian,59,2008-05-21,46151 ,5615
5013,Adeline,Maldonado,Director,Marketing,Specialty Products,Female,Latino,45,2011-05-30,172206 ,5509
5014,Adeline,Lai,Sr. Manager,Sales,Research & Development,Female,Asian,55,1999-02-08,132894 ,5775
5015,Adrian,Ngo,Enterprise Architect,IT,Research & Development,Male,Asian,58,2021-09-19,85716 ,5615
5016,Adrian,James,Enterprise Architect,IT,Research & Development,,Caucasian,52,1994-08-15,73779 ,5615
5017,Aiden,Hu,IT Coordinator,IT,Research & Development,Male,Asian,44,2010-05-07,56680 ,5615
5018,Aiden,Cheng,Vice President,Marketing,Manufacturing,Male,Asian,31,2019-09-06,189403 ,5509
5019,Aiden,Evans,Manager,Finance,Corporate,Male,Caucasian,48,2010-05-16,117736 ,5520
5020,Aiden,Carter,Network Architect,IT,Manufacturing,Male,Caucasian,32,2021-03-05,71674 ,5615
5021,Aiden,Aguilar,Manager,Finance,Research & Development,Male,Latino,62,1997-12-12,100226 ,5520
5022,Alexander,Pena,Sr. Analyst,Sales,Specialty Products,Male,Latino,47,2002-05-24,75633 ,5775
5023,Alexander,Zhu,Network Architect,IT,Corporate,Male,Asian,30,2022-10-17,89164 ,5615
5024,Alexander,Tang,Analyst,Finance,Corporate,Male,Asian,32,2015-01-29,45424 ,5520
5025,Alexander,Carter,Network Administrator,IT,Specialty Products,Male,Caucasian,47,2008-10-04,60963 ,5615
5026,Alexander,Dominguez,Analyst II,Sales,Specialty Products,Male,Latino,58,2014-11-27,58867 ,5775
5027,Alexander,Perez,Quality Engineer,Engineering,Specialty Products,Male,Latino,60,2008-06-25,86761 ,
5028,Alice,Luu,System Administrator,IT,Research & Development,Female,Asian,60,1993-07-17,81083 ,5615
5029,Alice,Liu,Sr. Manager,Sales,Research & Development,Female,Asian,39,2012-02-22,122058 ,5775
5030,Alice,Sharma,Account Representative,Sales,Research & Development,Female,Asian,51,2018-10-05,50975 ,5775
5031,Allison,Wang,Manager,Accounting,Manufacturing,Female,Asian,30,2018-12-16,121234 ,5641
5032,Amelia,Dominguez,Sr. Manager,Accounting,Corporate,Female,Latino,31,2015-09-23,158184 ,5641
5033,Amelia,Mehta,Director,Human Resources,Corporate,Female,Asian,26,2022-04-21,193971 ,5684
5034,Amelia,Do,Analyst II,Marketing,Manufacturing,Female,Asian,45,2018-12-24,74776 ,5509
5035,Amelia,Foster,Analyst II,Sales,Research & Development,Female,Caucasian,32,2018-02-24,66294 ,5775
5036,Andrew,Pham,Analyst,Accounting,Specialty Products,Male,Asian,38,2013-06-29,54713 ,5641
5037,Angel,Dixon,Analyst,Sales,Manufacturing,Male,Caucasian,52,2002-04-01,50775 ,5775
5038,Angel,Patterson,Sr. Analyst,Marketing,Corporate,Male,Black,45,2018-01-07,98289 ,5509
5039,Anna,Castro,Analyst II,Finance,Specialty Products,Female,Latino,29,2018-05-21,65010 ,5520
5040,Anna,Huynh,Technical Architect,IT,Specialty Products,Female,Asian,39,2009-04-05,63259 ,5615
5041,Anna,Guerrero,,,,Female,Latino,43,2012-11-24,226122 ,
5042,Anna,Carrillo,Development Engineer,Engineering,Corporate,Female,,55,,64809 ,
5043,Anthony,Baker,Solutions Architect,IT,Manufacturing,Male,Caucasian,31,2021-06-03,99937 ,5615
5044,Anthony,Espinoza,Analyst II,Finance,Manufacturing,Male,Latino,41,2020-11-16,59149 ,5520
5045,Anthony,Ho,Sr. Analyst,Marketing,Specialty Products,Male,Asian,31,2015-01-11,79713 ,5509
5046,Anthony,Phan,Enterprise Architect,IT,Research & Development,Male,Asian,39,2011-04-11,92523 ,5615
5047,Anthony,Perez,Sr. Account Representative,Sales,Specialty Products,Male,Latino,51,2021-09-13,92305 ,5775
5048,Anthony,Gupta,Cloud Infrastructure Architect,IT,Specialty Products,Male,Asian,38,2021-09-23,70612 ,5615
5049,Anthony,Chu,Manager,Sales,Manufacturing,Male,Asian,61,2003-09-30,101517 ,5775
5050,Anthony,Lam,Sr. Manager,,Specialty Products,Male,Asian,33,2015-02-07,133908 ,
5051,Aria,Juarez,Director,Finance,Corporate,Female,Latino,62,2011-07-30,185026 ,5520
5052,Aria,Molina,Development Engineer,Engineering,Research & Development,Female,Latino,52,2001-10-24,89811 ,
5053,Aria,Cheng,Business Partner,Human Resources,Research & Development,Female,Asian,61,1996-08-26,42829 ,5684
5054,Aria,Miller,,,Research & Development,Female,,32,2019-06-07,65666 ,
5055,Ariana,Sharma,Vice President,Sales,Research & Development,Female,Asian,45,2014-01-24,257725 ,5775
5056,Ariana,Santiago,Network Architect,IT,Research & Development,Female,Latino,54,2003-10-28,88906 ,5615
5057,Ariana,Turner,Analyst II,Accounting,Research & Development,Female,Caucasian,49,2004-06-06,59854 ,5641
5058,Ariana,Sanders,Director,Engineering,,Female,Caucasian,62,1994-12-26,155332 ,
5059,Ariana,Hall,Manager,Human Resources,Corporate,Female,Caucasian,55,2005-01-17,128954 ,5684
5060,Ariana,Griffin,Vice President,Marketing,Corporate,,,32,2015-03-04,241722 ,5509
5061,Asher,Chan,Sr. Business Partner,Human Resources,Corporate,Male,Asian,40,2018-08-18,73041 ,5684
5062,Asher,Hsu,Sr. Analyst,Accounting,Manufacturing,Male,Asian,36,2020-03-13,80757 ,5641
5063,Asher,Hong,Director,Finance,Research & Development,Male,Asian,53,2018-04-17,154141 ,5520
5064,Asher,Ly,Analyst II,Sales,Corporate,Male,Asian,65,1998-01-29,63853 ,5775
5065,Asher,Bui,Sr. Account Representative,Sales,Specialty Products,Male,,,2009-01-27,90881 ,5775
5066,Asher,Mendoza,Sr. Manager,Human Resources,Corporate,Male,Latino,49,2014-02-21,152911 ,5684
5067,Athena,Daniels,Network Administrator,IT,Specialty Products,Female,Caucasian,49,2021-05-23,78164 ,5615
5068,Athena,Cheng,Test Engineer,Engineering,Corporate,Female,Asian,37,2020-03-02,83465 ,
5069,Athena,Castro,Solutions Architect,IT,Research & Development,Female,Latino,44,2013-10-04,72176 ,5615
5070,Athena,Vu,Analyst,Marketing,Specialty Products,Female,Asian,26,2020-11-28,51825 ,5509
5071,Athena,Aguilar,Analyst II,Marketing,,Female,Latino,25,2021-08-24,71222 ,5509
5072,Aubrey,Ruiz,Analyst II,Marketing,Specialty Products,Female,Latino,25,2021-01-11,70126 ,5509
5073,Aubrey,Maldonado,Automation Engineer,Engineering,Manufacturing,Female,Latino,38,2022-06-13,120795 ,
5074,Aubrey,Guerrero,Sr. Manager,Marketing,Corporate,Female,Latino,39,2013-02-12,122713 ,5509
5075,Aubrey,Moreno,Computer Systems Manager,IT,Research & Development,Female,Latino,57,2000-06-30,97083 ,5615
5076,Aubrey,Lin,Vice President,Human Resources,Corporate,Female,Asian,51,2005-10-17,193672 ,5684
5077,Aubrey,Cheng,Analyst II,Accounting,,Female,Asian,,2001-06-17,64882 ,5641
5078,Audrey,Ramos,Vice President,Sales,Manufacturing,Female,Latino,27,2021-12-09,182403 ,5775
5079,Audrey,Duong,Vice President,Sales,Specialty Products,Female,Asian,55,1999-03-03,213998 ,5775
5080,Audrey,Campbell,Vice President,Accounting,Research & Development,Female,Caucasian,56,2008-07-30,226952 ,5641
5081,Audrey,Campos,Manager,Finance,Specialty Products,Female,Latino,27,2021-09-02,107114 ,5520
5082,Audrey,Powell,Director,Accounting,Research & Development,Female,Black,37,2011-05-01,180544 ,5641
5083,Aurora,Bailey,Development Engineer,Engineering,Research & Development,Female,Caucasian,31,2020-05-23,69108 ,
5084,Austin,Chow,Vice President,Accounting,Manufacturing,Male,Asian,35,2021-04-11,180858 ,5641
5085,Austin,Moua,Test Engineer,Engineering,Research & Development,Male,Asian,46,2003-05-27,79294 ,
5086,Austin,Ngo,Network Architect,IT,Research & Development,Male,Asian,43,2020-03-27,62492 ,5615
5087,Austin,Ng,Sr. Manager,Sales,Research & Development,Male,Asian,45,2009-03-03,126697 ,5775
5088,Austin,Espinoza,,Engineering,,Male,Latino,58,2006-03-17,,
5089,Autumn,Xiong,Network Administrator,IT,Specialty Products,Female,Asian,28,2020-02-13,75172 ,5615
5090,Autumn,Molina,Analyst II,Sales,Corporate,Female,Latino,34,2012-04-08,51448 ,5775
5091,Autumn,Kaur,,Accounting,,Female,Asian,,,129172 ,5641
5092,Ava,Owens,Analyst II,Finance,Specialty Products,Female,Caucasian,28,2020-02-07,63066 ,5520
5093,Ava,Carrillo,Sr. Manager,Accounting,Specialty Products,Female,Latino,63,1999-01-01,149582 ,5641
5094,Ava,Aguilar,Business Partner,Human Resources,Corporate,Female,Latino,35,2015-12-17,53285 ,5684
5095,Ava,Xiong,Sr. Business Partner,Human Resources,Manufacturing,Female,Asian,52,2019-07-21,88220 ,5684
5096,Ava,Chan,Sr. Manager,,,Female,Asian,44,2022-10-12,,
5097,Avery,Gutierrez,Vice President,Marketing,Corporate,Female,Latino,56,2016-07-02,181028 ,5509
5098,Avery,Lo,Automation Engineer,Engineering,Research & Development,Female,Asian,47,2001-01-26,104289 ,
5099,Avery,Valdez,HRIS Analyst,Human Resources,Research & Development,Female,Latino,58,2000-01-29,62686 ,5684
5100,Avery,Smith,Sr. Manager,Human Resources,,,Caucasian,53,2008-06-27,147813 ,5684
5101,Axel,Oh,Sr. Analyst,Sales,Corporate,Male,Asian,26,2020-10-24,84962 ,5775
5102,Axel,Ramirez,Manager,Human Resources,Specialty Products,Male,Latino,55,2017-12-04,103795 ,5684
5103,Axel,Patel,Sr. Analyst,Sales,Research & Development,Male,Asian,27,2022-09-13,73203 ,5775
5104,Axel,Bailey,Sr. Analyst,Marketing,Corporate,Male,Black,47,2022-12-07,99382 ,5509
5105,Axel,Leung,Business Partner,Human Resources,Corporate,Male,Asian,55,2001-08-17,47696 ,5684
5106,Axel,King,Automation Engineer,Engineering,Manufacturing,Male,Caucasian,46,2010-02-21,100757 ,
5107,Axel,Aguilar,Sr. Analyst,Accounting,Manufacturing,Male,Latino,45,2022-04-10,96029 ,5641
5108,Ayla,Ma,Manager,Marketing,Corporate,Female,Asian,27,2022-12-05,118304 ,5509
5109,Ayla,Espinoza,Director,Human Resources,Research & Development,Female,Latino,60,1993-10-01,199705 ,5684
5110,Ayla,Garza,Sr. Manager,Marketing,Corporate,Female,Latino,39,2017-06-15,156224 ,5509
5111,Ayla,Lim,Director,Marketing,Corporate,Female,Asian,41,2021-09-05,192266 ,5509
5112,Ayla,Cooper,Operations Engineer,Engineering,Corporate,Female,Caucasian,56,2017-02-15,101637 ,
5113,Ayla,Brooks,Analyst,Accounting,Corporate,Female,Caucasian,58,2001-11-21,58336 ,5641
5114,Bella,Wu,Sr. Analyst,Finance,Specialty Products,Female,Asian,63,2014-08-03,71418 ,5520
5115,Bella,Tran,Vice President,Engineering,Specialty Products,Female,Asian,45,2010-08-05,254486 ,
5116,Bella,Morales,Director,Sales,Specialty Products,Female,Latino,38,2016-05-10,194864 ,5775
5117,Benjamin,Estrada,Analyst II,Marketing,Research & Development,Male,Latino,56,2012-09-28,65368 ,5509
5118,Benjamin,Ali,Business Partner,Human Resources,Corporate,Male,Asian,53,2016-04-12,58010 ,5684
5119,Benjamin,Luu,Systems Analyst,IT,Corporate,Male,Asian,46,2011-12-15,59733 ,5615
5120,Brooklyn,Parker,Sr. Analyst,Marketing,Specialty Products,Female,Black,60,2005-03-19,85669 ,5509
5121,Brooks,Richardson,Director,Marketing,Specialty Products,Male,Caucasian,58,2020-11-24,151341 ,5509
5122,Brooks,Evans,Sr. Account Representative,Sales,Specialty Products,Male,Caucasian,45,2016-05-04,80989 ,5775
5123,Brooks,Ngo,Vice President,Engineering,Corporate,Male,Asian,26,2020-03-02,211114 ,
5124,Caleb,Jones,Manager,Marketing,Corporate,Male,Caucasian,57,1996-07-10,122825 ,5509
5125,Caleb,Chan,Operations Engineer,Engineering,Research & Development,Male,Asian,48,2003-06-24,107586 ,
5126,Caleb,Rojas,Analyst II,Sales,Manufacturing,Male,Latino,38,2021-12-04,68281 ,5775
5127,Caleb,Thompson,Systems Analyst,IT,Manufacturing,Male,Caucasian,41,2012-12-17,49986 ,5615
5128,Cameron,Lo,Network Administrator,IT,Research & Development,Male,Asian,34,2019-03-24,83576 ,5615
5129,Cameron,Romero,Manager,Sales,Specialty Products,Male,Latino,49,1997-09-15,108325 ,5775
5130,Camila,Baker,Account Representative,Sales,Specialty Products,Female,Caucasian,36,2012-09-08,73646 ,5775
5131,Caroline,Sandoval,Analyst,Sales,Corporate,Female,Latino,36,2013-10-03,48117 ,5775
5132,Caroline,Do,Analyst,Marketing,Research & Development,Female,Asian,40,2016-03-06,56963 ,5509
5133,Caroline,Bui,Field Engineer,Engineering,Manufacturing,Female,Asian,36,2019-09-15,67457 ,
5134,Caroline,Ahmed,Sr. Manager,Marketing,Research & Development,Female,Asian,32,2016-12-23,155884 ,5509
5135,Caroline,Chau,IT Systems Architect,IT,Specialty Products,Female,Asian,55,2022-12-07,91179 ,5615
5136,Caroline,Wong,Analyst,Sales,Research & Development,Female,Asian,37,2017-03-08,40508 ,5775
5137,Caroline,Nunez,Vice President,Finance,Manufacturing,Female,Latino,65,2002-12-20,224872 ,5520
5138,Caroline,Robinson,Director,Human Resources,Specialty Products,Female,Caucasian,28,2020-01-22,161868 ,5684
5139,Caroline,Smith,Manager,Marketing,Corporate,Female,Caucasian,28,2020-04-27,106043 ,5509
5140,Caroline,Martin,Computer Systems Manager,IT,Manufacturing,Female,Black,54,,,5615
5141,Caroline,Gomez,Sr. Account Representative,Sales,Specialty Products,Female,Latino,65,1997-11-19,,5775
5142,Caroline,Rodriguez,Sr. Manager,Finance,,Female,Latino,61,,135561 ,5520
5143,Carson,Mai,Vice President,Accounting,Corporate,Male,Asian,50,1996-04-15,245920 ,5641
5144,Carson,Brown,Sr. Manager,Human Resources,Research & Development,Male,Black,65,2007-11-05,149474 ,5684
5145,Carson,Chen,Analyst II,Finance,Manufacturing,Male,Asian,45,2012-12-03,70661 ,5520
5146,Carson,Hoang,Sr. Analyst,Sales,Manufacturing,Male,Asian,43,2021-10-09,72482 ,5775
5147,Carson,Santos,Sr. Account Representative,Sales,Corporate,Male,Latino,34,2022-02-15,80655 ,5775
5148,Carter,Simmons,Manager,IT,Corporate,Male,Caucasian,41,2012-05-30,126406 ,5615
5149,Carter,Luu,Vice President,Marketing,Corporate,Male,Asian,25,2022-10-20,257296 ,5509
5150,Carter,Hunter,Sr. Analyst,Accounting,Corporate,Male,Caucasian,41,2019-10-07,72650 ,5641
5151,Carter,Sandoval,Vice President,IT,Manufacturing,Male,Latino,36,2021-03-11,253741 ,5615
5152,Charles,Simmons,Manager,Sales,Specialty Products,Male,Caucasian,55,1997-10-27,113525 ,5775
5153,Charles,Miller,Director,Marketing,Manufacturing,Male,Black,32,2018-06-07,156418 ,5509
5154,Charles,Ramos,Sr. Analyst,Accounting,Corporate,Male,Latino,57,2010-04-04,74597 ,5641
5155,Charles,Gonzales,IT Systems Architect,IT,Manufacturing,Male,Latino,27,2020-09-22,88142 ,5615
5156,Charles,Taylor,Director,Human Resources,Specialty Products,Male,Caucasian,32,2019-07-15,186869 ,5684
5157,Charles,Bryant,Analyst,Sales,Manufacturing,Male,Caucasian,27,2022-07-12,56919 ,5775
5158,Charles,Luu,Enterprise Architect,IT,Corporate,Male,Asian,34,2018-11-10,71808 ,5615
5159,Charles,Robinson,Development Engineer,Engineering,Corporate,,Black,62,2006-06-30,73500 ,
5160,Charlotte,Lim,Vice President,Accounting,Manufacturing,Female,Asian,55,2006-06-27,196614 ,5641
5161,Charlotte,Tran,Vice President,IT,Corporate,Female,Asian,64,2017-04-11,253330 ,5615
5162,Charlotte,Park,Network Architect,IT,Specialty Products,Female,Asian,63,2020-12-17,96136 ,5615
5163,Charlotte,Green,Automation Engineer,Engineering,Research & Development,Female,Caucasian,33,2020-11-10,124681 ,
5164,Charlotte,Owens,Vice President,Engineering,Corporate,Female,Black,59,2001-05-11,196740 ,
5165,Charlotte,Pham,Field Engineer,Engineering,Research & Development,Female,Asian,54,2003-02-25,62179 ,
5166,Charlotte,Lam,Service Desk Analyst,,,Female,Asian,29,2020-08-26,60919 ,
5167,Chloe,Chin,Sr. Manager,Finance,Specialty Products,Female,Asian,62,2021-11-13,134487 ,5520
5168,Chloe,Kim,Sr. Analyst,Sales,Specialty Products,Female,Asian,39,2012-07-06,72850 ,5775
5169,Chloe,Reyes,Director,Human Resources,Specialty Products,Female,Latino,45,2008-06-18,191304 ,5684
5170,Chloe,Yoon,Network Administrator,IT,Corporate,Female,Asian,65,2002-02-25,83854 ,5615
5171,Chloe,Miller,Sr. Manager,Marketing,Manufacturing,Female,Black,57,2021-08-12,142506 ,5509
5172,Chloe,Dixon,Vice President,Engineering,Corporate,Female,Caucasian,60,2021-05-11,186400 ,
5173,Chloe,Contreras,Vice President,Marketing,Corporate,Female,Latino,29,2021-02-10,235047 ,5509
5174,Christian,Johnson,Network Architect,IT,Research & Development,Male,Black,47,2008-05-25,60331 ,5615
5175,Christian,Harris,Engineering Manager,Engineering,Specialty Products,Male,Caucasian,50,1999-02-21,96099 ,
5176,Christian,Hong,Sr. Analyst,Finance,Manufacturing,Male,Asian,59,2008-01-16,81829 ,5520
5177,Christian,Castro,IT Coordinator,IT,Specialty Products,Male,Latino,40,2006-04-15,43645 ,5615
5178,Christian,Liu,Director,Accounting,Research & Development,Male,Asian,57,2000-03-29,178447 ,5641
5179,Christian,Ayala,Sr. Account Representative,Sales,Research & Development,Male,Latino,55,2003-09-28,74216 ,5775
5180,Christopher,Robinson,Vice President,Finance,Specialty Products,Male,Caucasian,35,2016-07-11,254287 ,5520
5181,Christopher,Wang,Cloud Infrastructure Architect,IT,Manufacturing,Male,Asian,27,2020-08-23,71502 ,5615
5182,Christopher,Vu,Computer Systems Manager,IT,Corporate,Male,Asian,47,2002-03-16,88839 ,5615
5183,Christopher,Luu,Vice President,Engineering,Research & Development,Male,Asian,61,2005-10-27,258700 ,
5184,Christopher,Delgado,Network Architect,IT,Corporate,Male,Latino,33,2022-06-24,84317 ,5615
5185,Christopher,Sharma,System Administrator,IT,Corporate,Male,Asian,45,2004-04-16,81384 ,5615
5186,Christopher,Ramirez,Engineering Manager,Engineering,Research & Development,Male,Latino,41,2010-03-15,118973 ,
5187,Christopher,Chau,IT Systems Architect,IT,Research & Development,Male,Asian,26,2021-12-28,86288 ,5615
5188,Christopher,Dominguez,Director,Marketing,Research & Development,Male,Latino,36,2015-09-17,179166 ,5509
5189,Christopher,Aguilar,Enterprise Architect,IT,Manufacturing,Male,Latino,32,2021-05-14,79670 ,5615
5190,Christopher,Song,Automation Engineer,Engineering,Manufacturing,Male,Asian,29,2017-01-03,118639 ,
5191,Christopher,Miller,Vice President,Finance,Corporate,Male,Black,37,2009-05-16,199512 ,5520
5192,Christopher,Desai,Automation Engineer,Engineering,Research & Development,Male,Asian,46,2000-12-29,114260 ,
5193,Claire,Owens,Network Engineer,IT,Research & Development,Female,Caucasian,52,1998-06-07,75402 ,5615
5194,Claire,Vazquez,Vice President,Human Resources,Corporate,Female,Latino,44,2004-06-12,246538 ,5684
5195,Clara,Le,Service Desk Analyst,IT,Corporate,Female,Asian,56,2021-03-15,79388 ,5615
5196,Clara,Lopez,Director,IT,Research & Development,Female,Latino,52,1999-08-09,166699 ,5615
5197,Clara,Desai,Manager,Marketing,Corporate,Female,Asian,33,2014-11-20,109533 ,5509
5198,Clara,Ford,Analyst II,Sales,Research & Development,Female,Caucasian,46,2014-08-09,63987 ,5775
5199,Clara,Collins,Network Engineer,IT,Manufacturing,Female,Caucasian,40,2008-03-03,63889 ,5615
5200,Clara,Henderson,Vice President,Sales,,,Caucasian,58,,203739 ,5775
5201,Colton,Delgado,Sr. Manager,Accounting,Research & Development,Male,Latino,61,2006-10-22,156512 ,5641
5202,Colton,Alexander,Field Engineer,Engineering,Research & Development,Male,Caucasian,45,2005-08-09,76416 ,
5203,Colton,Mejia,Sr. Manager,Accounting,Research & Development,Male,Latino,28,2019-04-26,141675 ,5641
5204,Colton,Le,HRIS Analyst,Human Resources,,Male,Asian,38,2010-01-12,71235 ,5684
5205,Colton,Adams,Manager,Marketing,Specialty Products,Male,Caucasian,,,,5509
5206,Colton,Mehta,Analyst,Accounting,Manufacturing,Male,Asian,42,,53829 ,5641
5207,Colton,Grant,Sr. Analyst,Sales,Manufacturing,,,47,2011-01-07,93910 ,5775
5208,Connor,Lai,Engineering Manager,Engineering,Corporate,Male,Asian,32,2019-09-22,111035 ,
5209,Connor,Howard,Systems Analyst,IT,Specialty Products,Male,Caucasian,42,2021-03-15,44265 ,5615
5210,Cooper,Rivera,Sr. Manager,Finance,Corporate,Male,Latino,42,2005-12-26,138215 ,5520
5211,Cooper,Ramirez,Director,,Specialty Products,Male,Latino,34,2012-02-07,,
5212,Cora,Mejia,Sr. Analyst,Accounting,Research & Development,Female,Latino,58,2014-06-07,98296 ,5641
5213,Cora,Patel,Analyst II,Accounting,Manufacturing,Female,Asian,36,2011-05-13,65794 ,5641
5214,Cora,Espinoza,Business Partner,Human Resources,Research & Development,Female,Latino,53,2019-10-09,55206 ,5684
5215,Cora,Munoz,Vice President,Human Resources,Manufacturing,Female,Latino,45,2004-05-17,233342 ,5684
5216,Cora,Xu,Network Administrator,IT,Manufacturing,Female,Asian,54,2011-11-17,60513 ,5615
5217,Cora,Coleman,Controls Engineer,Engineering,Corporate,Female,Black,40,2011-04-09,98594 ,
5218,Cora,Holmes,Vice President,Marketing,Research & Development,Female,Caucasian,39,2021-10-05,224435 ,5509
5219,Daniel,Ali,Cloud Infrastructure Architect,IT,Corporate,Male,Asian,43,2019-09-28,94555 ,5615
5220,Daniel,Huynh,Manager,Marketing,Manufacturing,Male,Asian,25,2021-12-08,105072 ,5509
5221,David,Sanchez,Director,Sales,Specialty Products,Male,Latino,38,2009-07-05,182055 ,5775
5222,David,Ha,Sr. Account Representative,Sales,Corporate,Male,Asian,33,2022-07-27,89759 ,5775
5223,David,Garza,Director,IT,Manufacturing,Male,Latino,29,2022-01-09,197731 ,5615
5224,David,Chu,Sr. Manager,IT,Specialty Products,Male,Asian,40,2012-12-16,142844 ,5615
5225,David,Bryant,Solutions Architect,IT,Specialty Products,Male,Caucasian,36,2022-08-07,64937 ,5615
5226,David,Foster,Controls Engineer,Engineering,Corporate,Male,Caucasian,50,2012-01-15,87727 ,
5227,David,Barnes,IT Systems Architect,,,Male,Caucasian,41,2006-08-19,70566 ,
5228,Delilah,Gonzalez,Sr. Analyst,Sales,Manufacturing,Female,Latino,55,1998-03-29,82550 ,5775
5229,Delilah,Washington,Analyst,Sales,Research & Development,Female,Caucasian,46,2006-09-17,42944 ,5775
5230,Delilah,Alvarez,System Administrator,IT,Manufacturing,Female,Latino,59,2007-11-27,71580 ,5615
5231,Delilah,Ng,,Engineering,Manufacturing,,Asian,59,2008-08-20,,
5232,Delilah,Cheng,Solutions Architect,IT,Specialty Products,,Asian,45,,92820 ,5615
5233,Dominic,Cheng,Director,Engineering,Corporate,Male,Asian,53,2015-06-19,168142 ,
5234,Dominic,Tang,Manager,,Corporate,Male,Asian,53,1993-12-08,100666 ,
5235,Dominic,Martinez,Computer Systems Manager,IT,Corporate,Male,Latino,53,2018-04-17,90554 ,5615
5236,Dominic,Thao,Sr. Analyst,Marketing,,Male,Asian,50,1996-09-08,96297 ,5509
5237,Dylan,Aguilar,Director,Engineering,Corporate,Male,Latino,49,2007-03-27,186192 ,
5238,Dylan,Khan,Director,Human Resources,Manufacturing,Male,Asian,35,2015-07-11,153815 ,5684
5239,Dylan,Vu,Manager,Human Resources,Specialty Products,Male,Asian,63,2004-07-22,106481 ,5684
5240,Dylan,Guzman,Quality Engineer,Engineering,Research & Development,Male,Latino,42,2017-03-16,66226 ,
5241,Dylan,Simmons,Manager,Accounting,Manufacturing,,,52,2002-05-23,,5641
5242,Easton,Cruz,Manager,Finance,Manufacturing,,Latino,33,2016-11-21,107202 ,5520
5243,Easton,Truong,,Marketing,Research & Development,Male,,31,2021-05-13,234203 ,5509
5244,Eleanor,Xi,Sr. Manager,Sales,Corporate,Female,Asian,64,1997-01-10,147853 ,5775
5245,Eleanor,Munoz,Analyst,Accounting,Specialty Products,Female,Latino,45,2004-04-07,45323 ,5641
5246,Elena,Sharma,Director,Marketing,Corporate,Female,Asian,47,2014-10-24,163922 ,5509
5247,Elena,Campos,Manager,IT,Research & Development,Female,Latino,47,2022-02-06,104253 ,5615
5248,Elena,Jimenez,Vice President,Engineering,Specialty Products,Female,,43,2011-11-11,185211 ,
5249,Eli,Dang,Sr. Manager,Accounting,Specialty Products,Male,Asian,45,2015-11-16,122875 ,5641
5250,Eli,Richardson,Sr. Manager,Marketing,Specialty Products,Male,Black,31,2018-04-08,159121 ,5509
5251,Eli,Castillo,Vice President,Finance,Specialty Products,Male,Latino,50,2009-12-11,203306 ,5520
5252,Eli,James,Network Engineer,IT,Manufacturing,Male,Caucasian,32,2021-04-15,86523 ,5615
5253,Eliana,Ha,Analyst,Accounting,Specialty Products,Female,Asian,35,2020-12-15,55833 ,5641
5254,Eliana,Bailey,Sr. Manager,Sales,Research & Development,Female,Black,27,2021-01-02,120586 ,5775
5255,Eliana,Ho,Director,Accounting,Corporate,Female,Asian,64,2012-09-05,195416 ,5641
5256,Eliana,Turner,Sr. Analyst,Finance,Research & Development,Female,Black,29,2020-01-27,98992 ,5520
5257,Eliana,Trinh,Sr. Manager,IT,Manufacturing,Female,Asian,47,2010-01-07,155600 ,5615
5258,Elias,Hsu,Sr. Analyst,Marketing,Specialty Products,Male,Asian,35,2022-01-23,86777 ,5509
5259,Elias,Rojas,Account Representative,Sales,Manufacturing,Male,Latino,30,2018-01-07,58290 ,5775
5260,Elias,Dixon,IT Coordinator,IT,Corporate,Male,Caucasian,46,2021-11-22,55643 ,5615
5261,Elias,Diaz,HRIS Analyst,Human Resources,Specialty Products,Male,Latino,34,2012-04-06,55985 ,5684
5262,Elias,Vasquez,Systems Analyst,IT,Specialty Products,Male,Latino,33,2015-07-27,44012 ,5615
5263,Elias,Maldonado,IT Systems Architect,IT,Manufacturing,Male,Latino,56,2005-04-01,94724 ,5615
5264,Elijah,Washington,Vice President,Marketing,Manufacturing,Male,Caucasian,47,2022-02-13,214303 ,5509
5265,Elijah,Hill,Sr. Analyst,Marketing,Research & Development,Male,Caucasian,48,2018-12-16,83332 ,5509
5266,Eliza,Kang,Computer Systems Manager,IT,Manufacturing,Female,Asian,63,2002-01-27,76659 ,5615
5267,Eliza,Espinoza,Manager,Marketing,Specialty Products,Female,Latino,30,2017-12-28,103646 ,5509
5268,Eliza,Zhu,Account Representative,Sales,Specialty Products,Female,Asian,43,2006-09-30,63229 ,5775
5269,Eliza,Parker,,Engineering,Corporate,,Caucasian,37,2010-03-24,80015 ,
5270,Eliza,Bui,Analyst,Finance,Corporate,Female,,63,2010-06-13,,5520
5271,Elizabeth,Rodriguez,Sr. Manager,Accounting,Corporate,Female,Latino,26,2021-08-13,140756 ,5641
5272,Elizabeth,Vasquez,Controls Engineer,Engineering,Specialty Products,Female,Latino,28,2020-08-09,111779 ,
5273,Elizabeth,Tan,Vice President,Marketing,Research & Development,Female,Asian,46,2018-07-27,237489 ,5509
5274,Elizabeth,Dixon,Sr. Manager,Finance,Manufacturing,Female,Caucasian,26,2020-11-15,153832 ,5520
5275,Elizabeth,Griffin,Cloud Infrastructure Architect,IT,Corporate,Female,Caucasian,60,1993-09-10,63979 ,5615
5276,Elizabeth,Powell,Sr. Manager,Marketing,Research & Development,Female,Caucasian,45,2013-09-17,138355 ,5509
5277,Elizabeth,Estrada,IT Coordinator,IT,Corporate,Female,Latino,37,2016-12-20,59376 ,5615
5278,Ella,Martinez,Sr. Analyst,Finance,Research & Development,Female,Latino,35,2012-04-06,76111 ,5520
5279,Ella,Chen,Manager,Accounting,Specialty Products,Female,Asian,45,2005-11-10,114072 ,5641
5280,Ella,Do,Account Representative,Sales,Manufacturing,Female,Asian,52,1998-02-28,57433 ,5775
5281,Ella,Herrera,Director,,Corporate,,Latino,49,2013-02-08,156276 ,
5282,Ellie,Wilson,Director,IT,Manufacturing,Female,Caucasian,65,1996-08-31,164102 ,5615
5283,Ellie,Fernandez,Quality Engineer,Engineering,Specialty Products,Female,Latino,62,2009-08-18,86805 ,
5284,Ellie,Ortega,Analyst,Sales,Specialty Products,Female,Latino,49,2020-10-20,42242 ,5775
5285,Ellie,Yoon,Vice President,Human Resources,Specialty Products,Female,Asian,44,2006-07-11,242004 ,5684
5286,Ellie,Ho,Vice President,Sales,Corporate,Female,Asian,30,2019-10-09,246757 ,5775
5287,Eloise,Perry,Sr. Business Partner,Human Resources,Research & Development,Female,Caucasian,26,2020-12-02,88921 ,5684
5288,Eloise,Williams,Vice President,Sales,Specialty Products,Female,Black,42,2019-02-12,258115 ,5775
5289,Eloise,Huang,Vice President,Finance,Research & Development,Female,Asian,51,2009-04-05,195171 ,5520
5290,Eloise,Molina,Analyst,Finance,Research & Development,Female,Latino,48,2015-01-18,43980 ,5520
5291,Eloise,Griffin,Enterprise Architect,IT,Specialty Products,Female,Caucasian,27,2022-05-06,77607 ,5615
5292,Eloise,Campos,Network Engineer,IT,Research & Development,,Latino,62,1993-06-25,78059 ,5615
5293,Eloise,Sun,,,,,,59,2005-06-01,,
5294,Emery,Hernandez,Development Engineer,Engineering,Research & Development,Female,Latino,27,2021-07-12,75583 ,
5295,Emery,Fernandez,Analyst,Accounting,Research & Development,Female,Latino,33,2019-03-27,56938 ,5641
5296,Emery,Flores,Sr. Analyst,Sales,Research & Development,,,45,2005-11-18,86303 ,5775
5297,Emilia,Xu,Manager,Marketing,Corporate,Female,Asian,46,2017-01-24,103147 ,5509
5298,Emilia,Barnes,Enterprise Architect,IT,Specialty Products,Female,Black,54,2013-04-18,80129 ,5615
5299,Emilia,Ortiz,Vice President,Marketing,Research & Development,Female,Latino,34,2017-07-16,208883 ,5509
5300,Emilia,Chung,Director,Finance,Manufacturing,Female,Asian,55,1994-11-08,184078 ,5520
5301,Emilia,Alexander,Operations Engineer,Engineering,Specialty Products,Female,Caucasian,37,2022-09-11,109680 ,
5302,Emilia,Alvarado,Business Partner,Human Resources,Research & Development,,Latino,63,2001-06-29,58480 ,5684
5303,Emily,Hong,IT Coordinator,IT,Specialty Products,Female,Asian,46,2021-01-09,41197 ,5615
5304,Emily,Zheng,Solutions Architect,IT,Corporate,Female,Asian,50,2022-12-06,91004 ,5615
5305,Emily,Moore,Analyst,Accounting,Research & Development,Female,Black,47,2009-11-08,50290 ,5641
5306,Emily,Roberts,Network Architect,IT,Manufacturing,Female,Caucasian,56,2018-12-29,61251 ,5615
5307,Emma,Soto,Sr. Manager,Accounting,Specialty Products,Female,Latino,29,2020-09-13,128066 ,5641
5308,Emma,Mehta,Vice President,Engineering,Manufacturing,Female,Asian,48,2009-04-09,185363 ,
5309,Emma,Yu,Development Engineer,Engineering,Research & Development,Female,Asian,41,,73059 ,
5310,Ethan,Sanchez,Sr. Analyst,Marketing,Research & Development,Male,Latino,34,2019-05-15,81646 ,5509
5311,Ethan,Vargas,Director,IT,Research & Development,Male,Latino,38,2018-10-09,168410 ,5615
5312,Ethan,Cruz,Sr. Business Partner,Human Resources,Specialty Products,,,51,2000-04-28,77153 ,5684
5313,Eva,Chavez,IT Systems Architect,IT,Specialty Products,Female,Latino,63,2004-01-17,83070 ,5615
5314,Eva,Jimenez,Operations Engineer,Engineering,Corporate,Female,Latino,60,1998-04-13,110554 ,
5315,Eva,Lam,Field Engineer,Engineering,Manufacturing,Female,Asian,42,2022-03-08,73404 ,
5316,Evelyn,Alvarado,Network Administrator,IT,Specialty Products,Female,Latino,36,2022-08-12,83548 ,5615
5317,Evelyn,Vasquez,Technical Architect,IT,Manufacturing,Female,Latino,38,2013-02-24,68676 ,5615
5318,Everett,Lu,Manager,Marketing,Research & Development,Male,Asian,31,2021-11-28,115565 ,5509
5319,Everett,Le,Vice President,Accounting,Corporate,Male,Asian,45,2014-01-07,250639 ,5641
5320,Everleigh,Bell,Sr. Account Representative,Sales,Specialty Products,Female,Caucasian,31,2016-02-07,84925 ,5775
5321,Everleigh,Kumar,Manager,IT,Manufacturing,Female,Asian,65,1994-07-05,125213 ,5615
5322,Everleigh,Phillips,Analyst II,Sales,Manufacturing,Female,Caucasian,62,2015-11-08,69057 ,5775
5323,Everleigh,Tan,Analyst,Accounting,Manufacturing,Female,Asian,42,2019-03-28,59853 ,5641
5324,Everleigh,Castillo,Service Desk Analyst,,Specialty Products,Female,Latino,50,2007-11-12,,
5325,Everly,Avila,Account Representative,Sales,Manufacturing,Female,Latino,41,2015-11-13,61403 ,5775
5326,Everly,Coleman,Sr. Manager,Sales,Corporate,Female,Caucasian,54,2011-08-14,158403 ,5775
5327,Everly,Martin,Analyst II,Marketing,Specialty Products,Female,Black,26,2020-05-28,64278 ,5509
5328,Everly,Brown,Quality Engineer,Engineering,Specialty Products,Female,Black,63,2013-10-04,88230 ,
5329,Everly,Hwang,,Accounting,,Female,Asian,31,2022-10-27,191755 ,5641
5330,Ezekiel,Brown,Manager,Finance,Corporate,Male,Caucasian,27,2022-03-14,120315 ,5520
5331,Ezekiel,Jenkins,Service Desk Analyst,IT,Specialty Products,Male,Caucasian,63,2000-04-11,99215 ,5615
5332,Ezekiel,Kumar,Field Engineer,Engineering,Manufacturing,Male,Asian,33,2015-11-19,82906 ,
5333,Ezekiel,Contreras,Sr. Manager,Accounting,Research & Development,Male,Latino,45,2001-08-10,143146 ,5641
5334,Ezekiel,Lee,Sr. Manager,Human Resources,Research & Development,Male,Asian,37,2019-08-22,127238 ,5684
5335,Ezekiel,Cooper,Director,IT,Specialty Products,Male,Black,43,2003-03-15,154284 ,5615
5336,Ezekiel,Lai,Analyst,Marketing,Manufacturing,Male,Asian,45,2005-11-26,54742 ,5509
5337,Ezra,Vu,Network Administrator,IT,Manufacturing,Male,Asian,62,2004-04-22,66227 ,5615
5338,Ezra,Tan,Sr. Manager,Finance,Corporate,Male,Asian,49,1999-12-22,158028 ,5520
5339,Ezra,Aguilar,Vice President,IT,Manufacturing,Male,Latino,60,2014-11-05,239868 ,5615
5340,Gabriel,Reyes,Manager,Sales,Corporate,Male,Latino,42,2005-06-10,101630 ,5775
5341,Gabriel,Bell,Cloud Infrastructure Architect,IT,Specialty Products,Male,Caucasian,27,2021-03-21,70181 ,5615
5342,Gabriel,Ahmed,HRIS Analyst,Human Resources,Corporate,Male,Asian,65,2021-10-09,73996 ,5684
5343,Gabriel,Rodriguez,IT Coordinator,IT,Research & Development,Male,Latino,36,2016-01-30,45184 ,5615
5344,Gabriel,Xu,Analyst,Accounting,Research & Development,Male,Asian,30,2018-10-13,52292 ,5641
5345,Gabriel,Cheung,Analyst,Finance,Specialty Products,Male,Asian,64,2016-11-29,43785 ,5520
5346,Gabriella,Choi,Analyst II,Accounting,Manufacturing,Female,Asian,56,1999-08-15,72925 ,5641
5347,Gabriella,Carrillo,Vice President,Finance,Research & Development,Female,Latino,39,2012-07-16,187516 ,5520
5348,Gabriella,Jordan,Test Engineer,Engineering,Research & Development,Female,Caucasian,32,2019-09-21,61243 ,
5349,Gabriella,Wong,Sr. Manager,Finance,Corporate,,,56,1995-05-01,122731 ,5520
5350,Gabriella,Han,,IT,Manufacturing,,,60,2000-01-22,,5615
5351,Genesis,Herrera,Manager,IT,Research & Development,Female,Latino,34,2015-10-03,126898 ,5615
5352,Gianna,Holmes,System Administrator,IT,Manufacturing,Female,Caucasian,38,2011-09-09,97630 ,5615
5353,Gianna,Jones,Manager,Accounting,Research & Development,Female,Caucasian,48,1998-09-26,119220 ,5641
5354,Gianna,Lim,Analyst,Accounting,Research & Development,Female,Asian,46,2006-04-01,42532 ,5641
5355,Gianna,Walker,Computer Systems Manager,IT,Corporate,Female,Caucasian,45,2021-03-23,92317 ,5615
5356,Gianna,Park,Vice President,Accounting,Specialty Products,Female,Asian,28,2020-12-19,199406 ,5641
5357,Gianna,Alvarez,Business Partner,Human Resources,Manufacturing,Female,Latino,58,1993-05-11,49293 ,5684
5358,Gianna,Ramirez,Field Engineer,Engineering,Specialty Products,Female,Latino,59,1993-07-25,69245 ,
5359,Gianna,Han,HRIS Analyst,Human Resources,Research & Development,Female,Asian,51,2011-02-27,72589 ,5684
5360,Gianna,Cruz,Manager,Sales,Corporate,Female,Latino,29,2019-07-02,106456 ,5775
5361,Gianna,Jimenez,,,,,Latino,54,2015-11-26,,
5362,Grace,Harris,Enterprise Architect,IT,Research & Development,Female,Caucasian,34,2018-10-28,75518 ,5615
5363,Grayson,Hwang,Sr. Analyst,Finance,Corporate,Male,Asian,42,2013-04-23,91689 ,5520
5364,Grayson,Carrillo,Sr. Analyst,Accounting,Corporate,Male,Latino,57,2001-06-27,74662 ,5641
5365,Grayson,Jenkins,Test Engineer,Engineering,Manufacturing,Male,Caucasian,55,1998-03-06,99035 ,
5366,Grayson,Lai,Solutions Architect,IT,,Male,Asian,47,2005-09-12,78985 ,5615
5367,Greyson,Lim,Director,Finance,Corporate,Male,Asian,28,2022-10-12,198662 ,5520
5368,Greyson,Munoz,Sr. Manager,Marketing,Research & Development,Male,Latino,62,2000-06-23,158614 ,5509
5369,Greyson,Moore,Director,Accounting,Corporate,Male,Caucasian,54,2004-02-12,194221 ,5641
5370,Hadley,Le,Cloud Infrastructure Architect,IT,Research & Development,Female,Asian,33,2015-03-18,60690 ,5615
5371,Hadley,Rios,Sr. Manager,Sales,Research & Development,Female,Latino,62,2009-01-11,157500 ,5775
5372,Hadley,Chavez,Analyst,Sales,Corporate,Female,Latino,36,2020-06-28,54355 ,5775
5373,Hadley,Parker,Manager,Accounting,Manufacturing,Female,Caucasian,44,2010-01-09,129099 ,5641
5374,Hailey,Lim,Director,Marketing,Corporate,Female,Asian,47,2005-01-06,192753 ,5509
5375,Hailey,Rojas,Analyst,Finance,Specialty Products,Female,Latino,52,2014-07-15,43378 ,5520
5376,Hailey,Chin,Sr. Manager,IT,Corporate,Female,Asian,54,1993-07-10,135642 ,5615
5377,Hailey,Washington,Sr. Manager,Finance,Specialty Products,Female,Black,51,2013-07-03,135578 ,5520
5378,Hailey,Cruz,Business Partner,Human Resources,Manufacturing,Female,Latino,50,2008-08-10,56002 ,5684
5379,Hailey,Liu,Field Engineer,Engineering,Manufacturing,Female,Asian,31,2022-07-09,72475 ,
5380,Hailey,Henderson,Analyst,,,Female,Caucasian,57,2008-08-13,,
5381,Hannah,Brown,Cloud Infrastructure Architect,IT,Manufacturing,Female,Caucasian,42,2020-07-12,79764 ,5615
5382,Hannah,Ng,Director,Sales,Manufacturing,Female,Asian,36,2015-05-14,151055 ,5775
5383,Hannah,Doan,Manager,Human Resources,Research & Development,Female,Asian,44,2011-09-16,129866 ,5684
5384,Hannah,Truong,Sr. Analyst,Accounting,,Female,Asian,44,2009-03-25,,5641
5385,Hannah,Nelson,Account Representative,,,Female,Caucasian,38,,,
5386,Harper,Castillo,IT Systems Architect,IT,Corporate,Female,Latino,39,2018-04-07,98062 ,5615
5387,Harper,Dominguez,Director,Engineering,Corporate,Female,Latino,42,2005-06-18,175391 ,
5388,Harper,Washington,Vice President,Marketing,Manufacturing,Female,Caucasian,48,1999-06-24,256084 ,5509
5389,Harper,Yee,System Administrator,IT,Manufacturing,Female,Asian,48,2021-11-01,75624 ,5615
5390,Hazel,Cho,Vice President,Accounting,Corporate,Female,Asian,63,2004-08-12,193531 ,5641
5391,Henry,Vo,Controls Engineer,Engineering,Manufacturing,Male,Asian,60,1996-09-13,81699 ,
5392,Henry,Vang,Director,Sales,Corporate,Male,Asian,37,2019-06-21,173630 ,5775
5393,Henry,Vazquez,IT Systems Architect,IT,,Male,Latino,33,2016-12-03,90084 ,5615
5394,Hudson,Wong,Sr. Account Representative,Sales,Manufacturing,Male,Asian,59,2014-05-11,83365 ,5775
5395,Hudson,Hu,Automation Engineer,Engineering,Research & Development,Male,Asian,36,2019-12-02,121049 ,
5396,Hudson,Ha,Field Engineer,Engineering,Manufacturing,Male,Asian,59,2004-02-06,67947 ,
5397,Hudson,Washington,Cloud Infrastructure Architect,IT,Specialty Products,Male,Caucasian,43,2008-09-17,76819 ,5615
5398,Hudson,Oh,IT Coordinator,IT,Research & Development,Male,Asian,30,2021-09-09,44454 ,5615
5399,Hudson,Ross,Analyst,Marketing,Manufacturing,Male,Caucasian,57,2009-10-04,54155 ,5509
5400,Hudson,Bailey,Solutions Architect,IT,Corporate,,,56,2018-03-12,91835 ,5615
5401,Hunter,Yoon,Network Administrator,IT,Research & Development,Male,Asian,57,2020-10-02,90599 ,5615
5402,Hunter,Mitchell,IT Coordinator,IT,Research & Development,Male,Caucasian,54,2021-04-17,58137 ,5615
5403,Hunter,Yi,Automation Engineer,Engineering,Corporate,Male,Asian,55,2015-05-10,121976 ,
5404,Hunter,Doan,Sr. Manager,Accounting,Research & Development,Male,Asian,32,2014-12-15,151758 ,5641
5405,Hunter,Marquez,Operations Engineer,Engineering,Research & Development,Male,Latino,34,2019-08-07,83220 ,
5406,Hunter,Hu,Manager,Finance,Specialty Products,Male,Asian,64,2003-07-13,100951 ,5520
5407,Hunter,Moua,Sr. Analyst,Accounting,,Male,Asian,29,2019-11-29,72620 ,5641
5408,Hunter,Molina,,,,Male,,41,2018-02-20,55330 ,
5409,Ian,Cheng,Sr. Manager,Sales,Specialty Products,Male,Asian,46,2015-08-30,126704 ,5775
5410,Ian,Ma,Manager,Finance,Corporate,Male,Asian,45,2010-07-09,109221 ,5520
5411,Ian,Marquez,HRIS Analyst,Human Resources,Corporate,Male,Latino,31,2019-01-14,72542 ,5684
5412,Ian,Huang,Analyst,Sales,Research & Development,Male,Asian,54,1998-02-07,53931 ,5775
5413,Ian,Hernandez,,Accounting,,Male,Latino,40,2021-12-01,176533 ,5641
5414,Ian,Gonzales,Sr. Manager,Finance,Corporate,,,38,2018-12-29,147867 ,5520
5415,Ian,Le,Vice President,Engineering,Specialty Products,Male,Asian,46,2007-08-28,195471 ,
5416,Iris,Chung,Manager,IT,Research & Development,Female,Asian,52,2013-03-12,128301 ,5615
5417,Iris,Vo,Manager,Human Resources,Specialty Products,Female,Asian,39,2018-09-27,128497 ,5684
5418,Iris,Huang,Director,Human Resources,Corporate,Female,Asian,45,2008-03-28,163686 ,5684
5419,Iris,Bailey,IT Coordinator,IT,Research & Development,Female,Caucasian,26,2020-02-18,42343 ,5615
5420,Iris,Phillips,Test Engineer,Engineering,Research & Development,Female,Caucasian,46,2019-11-28,99586 ,
5421,Isaac,Guzman,Account Representative,Sales,Corporate,Male,Latino,46,2010-08-18,57951 ,5775
5422,Isaac,Choi,Operations Engineer,Engineering,Corporate,Male,Asian,27,2021-01-21,82286 ,
5423,Isaac,Cruz,Vice President,Human Resources,Specialty Products,Male,Latino,33,2018-05-09,187917 ,5684
5424,Isaac,Foster,Manager,Accounting,Specialty Products,Male,Caucasian,48,2001-01-06,103051 ,5641
5425,Isaac,Rojas,System Administrator,IT,Manufacturing,Male,Latino,60,2006-07-12,82343 ,5615
5426,Isaac,Santos,Development Engineer,Engineering,Manufacturing,Male,Latino,43,2018-09-13,91537 ,
5427,Isaac,Jung,,IT,Specialty Products,Male,Asian,55,1994-07-12,103726 ,5615
5428,Isaac,Xiong,Sr. Manager,Finance,Specialty Products,Male,Asian,38,2012-10-28,152253 ,5520
5429,Isabella,Ngo,Manager,Accounting,Specialty Products,Female,Asian,49,2022-01-01,126598 ,5641
5430,Isabella,Munoz,Director,Sales,Research & Development,Female,Latino,45,2002-12-25,193154 ,5775
5431,Isabella,Roberts,Vice President,Engineering,Manufacturing,Female,Caucasian,53,2007-08-20,228494 ,
5432,Isabella,Mejia,Vice President,Accounting,Corporate,Female,Latino,56,2018-10-07,231699 ,5641
5433,Isaiah,Dixon,Development Engineer,Engineering,Corporate,Male,Caucasian,29,2022-02-27,74901 ,
5434,Isaiah,Ramos,Solutions Architect,IT,Manufacturing,Male,Latino,51,2018-06-21,87897 ,5615
5435,Isaiah,Vang,Quality Engineer,Engineering,Corporate,Male,Asian,53,1998-11-30,63187 ,
5436,Isla,Chavez,Manager,Finance,,Female,Latino,45,2010-09-29,115591 ,5520
5437,Isla,Singh,Quality Engineer,Engineering,Corporate,Female,,56,,95577 ,
5438,Ivy,Chau,Analyst,Sales,Specialty Products,Female,Asian,61,2019-03-03,54811 ,5775
5439,Ivy,Thompson,Manager,Marketing,Manufacturing,Female,Caucasian,50,2004-08-11,118900 ,5509
5440,Ivy,Rojas,IT Coordinator,IT,Corporate,Female,Latino,53,2013-01-08,52675 ,5615
5441,Ivy,Rios,Network Architect,IT,Manufacturing,Female,Latino,25,2022-01-18,90109 ,5615
5442,Ivy,Liu,Analyst II,Marketing,Manufacturing,Female,Asian,59,1993-05-29,55476 ,5509
5443,Ivy,Mehta,Business Partner,Human Resources,Manufacturing,Female,Asian,50,2020-05-26,45290 ,5684
5444,Ivy,Do,Analyst II,Accounting,Corporate,Female,Asian,57,1993-05-13,57230 ,5641
5445,Ivy,Luong,Cloud Infrastructure Architect,,,Female,Asian,56,1993-07-05,75435 ,
5446,Jace,Mehta,Analyst,Sales,Manufacturing,Male,Asian,55,2015-05-06,41102 ,5775
5447,Jace,Hsu,Systems Analyst,IT,Manufacturing,Male,Asian,31,2018-10-06,46098 ,5615
5448,Jace,Cho,Director,Engineering,Research & Development,Male,Asian,33,2016-08-06,161800 ,
5449,Jace,Henderson,Director,Engineering,,Male,Caucasian,34,2022-03-16,,
5450,Jack,Phillips,Analyst II,Finance,Manufacturing,Male,Black,47,2015-07-27,66138 ,5520
5451,Jack,Rogers,Systems Analyst,IT,Corporate,Male,Black,47,2005-02-01,46202 ,5615
5452,Jack,Ramos,Sr. Analyst,Finance,Manufacturing,Male,Latino,43,2018-06-17,96759 ,5520
5453,Jack,Perez,Cloud Infrastructure Architect,IT,Research & Development,Male,Latino,30,2017-01-09,80389 ,5615
5454,Jack,Garcia,Manager,Human Resources,Corporate,Male,Latino,37,2022-03-21,123918 ,5684
5455,Jack,Adams,System Administrator,IT,Corporate,Male,Black,50,2018-07-18,80350 ,5615
5456,Jack,Chin,Sr. Manager,,,Male,Asian,44,,121788 ,
5457,Jackson,Wong,Analyst II,Finance,Research & Development,Male,Asian,58,2006-12-26,53133 ,5520
5458,Jackson,Maldonado,Cloud Infrastructure Architect,IT,Manufacturing,Male,Latino,52,2008-05-01,63444 ,5615
5459,Jackson,Hu,Sr. Business Partner,Human Resources,Corporate,Male,Asian,53,2017-06-05,73601 ,5684
5460,Jackson,Sandoval,HRIS Analyst,Human Resources,Corporate,Male,Latino,61,2011-01-26,73323 ,5684
5461,Jackson,Gupta,Service Desk Analyst,IT,Research & Development,Male,Asian,65,1993-06-27,77065 ,5615
5462,Jacob,Moore,Sr. Manager,Marketing,Corporate,Male,Black,42,2021-03-24,131422 ,5509
5463,Jacob,Cheng,Director,Sales,Manufacturing,Male,Asian,47,1999-11-26,155890 ,5775
5464,Jacob,Cooper,Solutions Architect,IT,Research & Development,Male,Caucasian,64,2018-05-18,87521 ,5615
5465,Jacob,Alexander,Business Partner,Human Resources,Specialty Products,Male,Caucasian,45,2001-03-19,50393 ,5684
5466,Jade,Hu,Sr. Analyst,Accounting,Specialty Products,Female,Asian,58,2009-06-27,89744 ,5641
5467,Jade,Pham,Analyst,Accounting,Manufacturing,Female,Asian,61,2017-12-12,53931 ,5641
5468,James,Han,Test Engineer,Engineering,Specialty Products,Male,Asian,32,2018-01-07,97496 ,
5469,James,Cheng,Manager,IT,Manufacturing,Male,Asian,49,2010-05-26,125506 ,5615
5470,Jameson,Thomas,Manager,Finance,Specialty Products,Male,Caucasian,52,2015-02-05,105879 ,5520
5471,Jameson,Pena,Systems Analyst,IT,Manufacturing,Male,Latino,49,2003-10-12,40499 ,5615
5472,Jameson,Vargas,Director,Human Resources,Specialty Products,Male,Latino,36,2011-07-24,196554 ,5684
5473,Jameson,Shin,Sr. Analyst,Marketing,Research & Development,Male,Asian,30,2020-05-14,76014 ,5509
5474,Jameson,Vang,Computer Systems Manager,IT,Corporate,Male,Asian,41,2018-05-23,95669 ,5615
5475,Jameson,Yee,Enterprise Architect,IT,Research & Development,Male,Asian,29,2020-08-03,84397 ,5615
5476,Jameson,Salazar,Controls Engineer,,,,Latino,45,,85822 ,
5477,Jaxon,Wright,Manager,Human Resources,Research & Development,,,47,2004-08-30,123790 ,5684
5478,Jaxon,Shin,IT Coordinator,IT,,Male,Asian,48,2010-12-27,53593 ,5615
5479,Jaxson,Liu,Vice President,Finance,Corporate,Male,Asian,27,2021-05-18,205216 ,5520
5480,Jaxson,Brooks,Network Architect,IT,Manufacturing,Male,Black,57,2022-07-15,77028 ,5615
5481,Jaxson,Ayala,Vice President,Human Resources,Research & Development,Male,Latino,28,2020-08-01,239270 ,5684
5482,Jaxson,Shah,Analyst,Accounting,Corporate,Male,Asian,29,2018-08-25,44520 ,5641
5483,Jaxson,Jackson,Enterprise Architect,IT,Specialty Products,Male,Caucasian,53,1997-03-01,63165 ,5615
5484,Jaxson,Fong,Sr. Manager,Finance,Corporate,Male,Asian,32,2020-10-09,157616 ,5520
5485,Jaxson,Chu,Director,Marketing,Specialty Products,,,54,2010-10-10,,5509
5486,Jayden,Luu,Director,Accounting,Manufacturing,Male,Asian,64,2004-05-13,184342 ,5641
5487,Jayden,Zhang,Enterprise Architect,IT,Specialty Products,Male,Asian,64,1994-06-27,70516 ,5615
5488,Jayden,Jones,Cloud Infrastructure Architect,IT,Manufacturing,Male,Caucasian,27,2022-07-09,74587 ,5615
5489,Jayden,Rogers,Manager,Sales,Research & Development,Male,Caucasian,41,2016-12-14,101411 ,5775
5490,Jayden,Dixon,Vice President,Finance,Manufacturing,Male,Caucasian,30,2018-01-14,197792 ,5520
5491,Jayden,Ahmed,Sr. Manager,IT,Corporate,Male,Asian,51,2006-03-28,140668 ,5615
5492,Jayden,Phillips,Director,IT,Research & Development,Male,Caucasian,25,2022-10-13,154186 ,5615
5493,Jeremiah,Cheng,Sr. Analyst,Marketing,Specialty Products,Male,Asian,26,2022-02-05,70946 ,5509
5494,Jeremiah,Medina,Sr. Manager,IT,Research & Development,Male,Latino,54,1997-09-28,129311 ,5615
5495,Jeremiah,Ross,Sr. Manager,Marketing,Corporate,Male,Caucasian,27,2021-06-17,137997 ,5509
5496,John,Richardson,Computer Systems Manager,IT,Manufacturing,Male,Caucasian,34,2014-12-29,77024 ,5615
5497,John,Campos,,Engineering,Manufacturing,Male,Latino,34,,104586 ,
5498,Jonathan,Young,Analyst,Accounting,Manufacturing,Male,Caucasian,47,2015-04-28,55401 ,5641
5499,Jonathan,Torres,Analyst,Finance,Manufacturing,Male,Latino,56,2002-04-12,48896 ,5520
5500,Jonathan,Santos,Vice President,Sales,Specialty Products,Male,Latino,29,2017-01-06,204534 ,5775
5501,Jonathan,Ali,Automation Engineer,,,Male,Asian,51,,,
5502,Jonathan,Nelson,Director,Human Resources,,Male,Caucasian,59,2022-07-02,175137 ,5684
5503,Jordan,Kumar,Service Desk Analyst,IT,Specialty Products,Male,Asian,29,2017-11-11,95729 ,5615
5504,Jordan,Ngo,Sr. Analyst,Finance,Manufacturing,Male,Asian,26,2020-05-04,91372 ,5520
5505,Jordan,Chen,Analyst,Finance,Specialty Products,Male,Asian,60,1997-01-22,42536 ,5520
5506,Jordan,Ford,Manager,Human Resources,Corporate,Male,Black,43,2016-09-19,108000 ,5684
5507,Jordan,Hernandez,Systems Analyst,IT,Research & Development,Male,Latino,47,2003-12-15,42994 ,5615
5508,Jose,Wong,Director,IT,Manufacturing,Male,Asian,45,2017-11-15,150558 ,5615
5509,Jose,Thompson,Manager,Marketing,Corporate,Male,Caucasian,45,2012-04-05,104162 ,5509
5510,Jose,Grant,Development Engineer,Engineering,Corporate,Male,Caucasian,52,2021-06-28,94857 ,
5511,Jose,Park,,,,Male,Asian,45,2009-10-11,152519 ,
5512,Joseph,Tan,Technical Architect,IT,Research & Development,Male,Asian,37,2015-08-20,65073 ,5615
5513,Joseph,Kim,Analyst II,Accounting,Research & Development,Male,Asian,28,2018-06-23,53210 ,5641
5514,Joseph,Dang,Vice President,Marketing,Research & Development,Male,Asian,61,2014-04-20,209680 ,5509
5515,Josephine,Espinoza,Manager,Sales,Research & Development,Female,Latino,30,2017-11-26,124295 ,5775
5516,Josephine,White,Computer Systems Manager,IT,Corporate,Female,Caucasian,61,2010-02-05,87758 ,5615
5517,Joshua,Maldonado,Sr. Account Representative,Sales,Research & Development,Male,Latino,49,2005-12-22,75814 ,5775
5518,Joshua,Sun,Manager,Finance,Corporate,Male,Asian,38,2011-07-13,121546 ,5520
5519,Joshua,Hall,Systems Analyst,IT,Manufacturing,Male,Black,61,2011-12-07,41220 ,5615
5520,Josiah,Ramos,Manager,Finance,Specialty Products,Male,Latino,41,2014-01-08,113246 ,5520
5521,Josiah,Khan,Cloud Infrastructure Architect,IT,Manufacturing,Male,Asian,57,2004-10-26,86592 ,5615
5522,Josiah,Lai,Sr. Manager,Human Resources,Research & Development,Male,Asian,54,1995-03-21,154658 ,5684
5523,Josiah,Yi,Operations Engineer,Engineering,Corporate,Male,Asian,31,2015-04-12,101941 ,
5524,Josiah,Vega,Manager,Accounting,,Male,Latino,56,2015-12-26,121751 ,5641
5525,Julia,Ahmed,Vice President,Accounting,Research & Development,Female,Asian,43,2004-11-14,240860 ,5641
5526,Julia,Gonzalez,Analyst,Finance,Research & Development,Female,Latino,46,2005-02-15,54831 ,5520
5527,Julia,Moore,Sr. Manager,IT,Manufacturing,Female,Caucasian,37,2021-11-18,139987 ,5615
5528,Julia,Jimenez,Sr. Analyst,Marketing,Specialty Products,Female,Latino,46,2010-11-17,92833 ,5509
5529,Julia,Kim,Account Representative,Sales,Specialty Products,,Asian,50,2016-12-04,50038 ,5775
5530,Julian,Ford,Analyst II,Sales,Manufacturing,Male,Caucasian,50,2010-07-29,70340 ,5775
5531,Julian,Harris,Operations Engineer,Engineering,Manufacturing,Male,Caucasian,61,2015-12-30,98565 ,
5532,Julian,Marquez,Sr. Manager,Accounting,Specialty Products,Male,Latino,33,2013-09-14,122408 ,5641
5533,Julian,Lam,Director,Finance,Research & Development,Male,Asian,33,2013-09-08,164340 ,5520
5534,Julian,Fernandez,Development Engineer,Engineering,Research & Development,Male,Latino,27,2022-02-07,81713 ,
5535,Julian,Joseph,Enterprise Architect,IT,Manufacturing,Male,Caucasian,52,2018-09-20,60784 ,5615
5536,Kai,Le,Controls Engineer,Engineering,Manufacturing,Male,Asian,47,2022-02-05,92368 ,
5537,Kai,Singh,Analyst,Finance,Corporate,Male,Asian,52,2001-04-19,47587 ,5520
5538,Kai,Vega,Automation Engineer,Engineering,Manufacturing,Male,Latino,51,2005-06-16,78107 ,
5539,Kai,Phillips,Test Engineer,Engineering,Research & Development,Male,Caucasian,48,2016-12-13,72315 ,
5540,Kai,Gutierrez,Sr. Manager,Marketing,Specialty Products,Male,Latino,63,1997-12-17,148794 ,5509
5541,Kai,Duong,IT Coordinator,IT,Research & Development,Male,Asian,41,2018-11-16,57166 ,5615
5542,Kai,Shin,Sr. Analyst,Sales,Specialty Products,Male,Asian,49,2015-09-13,91121 ,5775
5543,Kai,Green,System Administrator,IT,Corporate,Male,Caucasian,65,2015-06-15,75439 ,5615
5544,Kai,Barnes,Account Representative,Sales,,Male,Caucasian,35,2016-08-24,58733 ,5775
5545,Kai,Huang,Sr. Business Partner,,Corporate,,Asian,28,2021-01-15,83235 ,
5546,Kayden,Ortiz,Sr. Manager,Accounting,Specialty Products,Male,Latino,33,2013-07-29,134782 ,5641
5547,Kayden,Patel,Development Engineer,Engineering,Research & Development,Male,Asian,54,1997-03-22,67683 ,
5548,Kayden,Dinh,Sr. Manager,Human Resources,Manufacturing,Male,Asian,50,2019-05-26,156374 ,5684
5549,Kayden,Tang,Sr. Manager,Human Resources,Specialty Products,Male,Asian,57,2012-03-11,136723 ,5684
5550,Kinsley,Liang,Automation Engineer,Engineering,Manufacturing,Female,Asian,55,2008-08-25,98221 ,
5551,Kinsley,Gonzales,Systems Analyst,IT,Manufacturing,Female,Latino,51,2007-05-05,48772 ,5615
5552,Kinsley,Tran,Vice President,Accounting,Manufacturing,Female,Asian,53,2005-09-05,234064 ,5641
5553,Kinsley,Woods,HRIS Analyst,Human Resources,Corporate,Female,Caucasian,34,2014-06-19,71699 ,5684
5554,Kinsley,Stewart,Computer Systems Manager,IT,Corporate,Female,Caucasian,56,2021-09-07,66561 ,5615
5555,Kinsley,Hill,Account Representative,,Research & Development,Female,Caucasian,26,2022-06-16,59436 ,
5556,Kinsley,Gonzalez,,IT,Research & Development,Female,Latino,47,2000-01-27,125641 ,5615
5557,Kinsley,Huynh,Vice President,Human Resources,Specialty Products,Female,,53,,258722 ,5684
5558,Landon,Gonzales,Test Engineer,Engineering,Specialty Products,Male,Latino,54,2009-08-30,88689 ,
5559,Landon,Reyes,Director,IT,Research & Development,Male,Latino,44,2014-08-23,171823 ,5615
5560,Landon,Rodriguez,Sr. Account Representative,Sales,Manufacturing,Male,Latino,39,2017-11-19,87155 ,5775
5561,Landon,Ha,Manager,Finance,Manufacturing,Male,Asian,43,2006-01-30,100822 ,5520
5562,Landon,Munoz,Controls Engineer,Engineering,Manufacturing,Male,Latino,40,2014-07-11,105574 ,
5563,Layla,Bell,Vice President,Engineering,Corporate,Female,Caucasian,65,2001-07-26,203030 ,
5564,Layla,Nunez,Manager,Finance,Manufacturing,Female,Latino,63,2017-09-10,126064 ,5520
5565,Layla,Owens,Vice President,IT,Research & Development,Female,Caucasian,47,2018-02-07,246303 ,5615
5566,Layla,Gutierrez,Computer Systems Manager,IT,Specialty Products,Female,Latino,39,2022-05-05,65957 ,5615
5567,Layla,Munoz,Director,Human Resources,Corporate,Female,Latino,39,2014-09-24,182595 ,5684
5568,Layla,Kang,Manager,Marketing,Research & Development,Female,Asian,26,2022-03-02,128965 ,5509
5569,Layla,Wu,,Sales,Research & Development,Female,Asian,31,2018-08-27,,5775
5570,Leah,Vega,Cloud Infrastructure Architect,IT,Corporate,Female,Latino,52,2018-06-07,72388 ,5615
5571,Leah,Zheng,Director,Engineering,Corporate,Female,Asian,52,2016-06-18,182938 ,
5572,Leah,Ali,HRIS Analyst,Human Resources,Specialty Products,Female,Asian,62,1999-08-20,51454 ,5684
5573,Leah,Stewart,Cloud Infrastructure Architect,IT,,Female,Caucasian,36,2010-06-04,62450 ,5615
5574,Leilani,Ng,Systems Analyst,IT,Corporate,Female,Asian,48,2011-09-19,50513 ,5615
5575,Leilani,Shin,Analyst,Accounting,Corporate,Female,Asian,58,2013-12-18,55174 ,5641
5576,Leilani,Hong,System Administrator,IT,Manufacturing,Female,Asian,36,2013-12-20,79876 ,5615
5577,Leilani,Martin,Sr. Manager,IT,Corporate,Female,Caucasian,56,2002-05-06,156435 ,5615
5578,Leilani,Hu,Analyst II,Finance,Research & Development,Female,Asian,57,2018-05-21,50260 ,5520
5579,Leilani,Navarro,,Marketing,Specialty Products,,Latino,55,2022-07-08,,5509
5580,Leo,Simmons,Analyst,Accounting,Research & Development,Male,Black,38,2017-12-13,52200 ,5641
5581,Leo,Figueroa,Technical Architect,IT,Corporate,Male,Latino,31,2015-01-21,63644 ,5615
5582,Leonardo,Carter,Business Partner,Human Resources,Specialty Products,Male,Caucasian,50,2022-09-07,54931 ,5684
5583,Leonardo,Ng,Analyst,Marketing,Corporate,Male,Asian,32,2019-06-10,57727 ,5509
5584,Leonardo,Mai,Sr. Analyst,Marketing,Specialty Products,Male,Asian,43,2007-01-28,79090 ,5509
5585,Leonardo,Li,Sr. Manager,Accounting,Specialty Products,Male,Asian,65,2009-04-23,155716 ,5641
5586,Leonardo,Cho,Engineering Manager,Engineering,Specialty Products,Male,Asian,38,2008-08-25,119960 ,
5587,Leonardo,Patterson,Sr. Analyst,Finance,Specialty Products,Male,Caucasian,46,2012-02-06,93642 ,5520
5588,Leonardo,Jenkins,Service Desk Analyst,IT,Research & Development,Male,Caucasian,29,2018-04-09,98504 ,5615
5589,Levi,Vasquez,IT Coordinator,IT,Manufacturing,Male,Latino,27,2020-02-10,42969 ,5615
5590,Levi,James,Manager,IT,Specialty Products,Male,Caucasian,39,2012-03-02,103466 ,5615
5591,Levi,Kang,Engineering Manager,Engineering,Manufacturing,Male,Asian,32,2019-04-28,96951 ,
5592,Levi,Rahman,Sr. Manager,Marketing,Corporate,Male,Asian,43,2007-07-19,134544 ,5509
5593,Levi,Her,Sr. Manager,IT,Specialty Products,Male,Asian,43,2012-03-30,158750 ,5615
5594,Levi,Cruz,Sr. Analyst,Accounting,Research & Development,Male,Latino,47,2007-09-22,83793 ,5641
5595,Levi,Gonzalez,Controls Engineer,,,Male,Latino,36,2012-04-27,,
5596,Levi,White,Manager,Human Resources,Manufacturing,Male,Black,45,2018-07-19,127363 ,5684
5597,Liam,Nelson,Technical Architect,IT,Research & Development,Male,Black,58,2010-12-17,80720 ,5615
5598,Liam,Jimenez,Sr. Analyst,Marketing,Research & Development,Male,Latino,52,2002-08-11,95682 ,5509
5599,Liam,Luong,Technical Architect,IT,Specialty Products,Male,Asian,58,1995-11-13,88019 ,5615
5600,Liam,Valdez,Vice President,Human Resources,Research & Development,Male,Latino,55,1999-03-01,227148 ,5684
5601,Liam,Baker,Network Administrator,IT,Specialty Products,Male,Caucasian,65,2020-01-26,97379 ,5615
5602,Liam,Salazar,,Sales,,,Latino,44,2020-10-25,,5775
5603,Liliana,Chang,Service Desk Analyst,IT,Corporate,Female,Asian,32,2018-01-11,97509 ,5615
5604,Liliana,Collins,Sr. Manager,Human Resources,Specialty Products,Female,Black,39,2013-01-18,151666 ,5684
5605,Liliana,Valdez,Computer Systems Manager,IT,Corporate,Female,Latino,59,1996-10-01,96507 ,5615
5606,Liliana,Choi,Manager,IT,Research & Development,Female,Asian,55,2007-01-25,106302 ,5615
5607,Liliana,Lewis,Network Administrator,IT,Corporate,Female,Caucasian,25,2021-02-23,82140 ,5615
5608,Liliana,Zhao,Director,Human Resources,Corporate,Female,Asian,50,2011-08-30,183308 ,5684
5609,Liliana,Simmons,Director,Marketing,,Female,Caucasian,35,2012-06-07,161453 ,5509
5610,Liliana,Green,Network Administrator,IT,Corporate,Female,Caucasian,48,,62672 ,5615
5611,Lillian,Lewis,Technical Architect,IT,Research & Development,Female,Black,43,2013-08-14,83323 ,5615
5612,Lillian,Desai,Field Engineer,Engineering,Manufacturing,Female,Asian,27,2022-12-12,92806 ,
5613,Lillian,Cheng,Analyst II,Finance,Research & Development,Female,Asian,58,1996-08-20,58208 ,5520
5614,Lillian,Vang,Technical Architect,IT,Research & Development,Female,Asian,39,2015-09-13,78640 ,5615
5615,Lily,Molina,Manager,IT,Manufacturing,Female,Latino,40,2009-09-15,125900 ,5615
5616,Lily,Rios,Sr. Analyst,Marketing,Specialty Products,Female,Latino,45,2013-01-25,88016 ,5509
5617,Lincoln,Harris,IT Systems Architect,IT,Manufacturing,Male,Caucasian,42,2009-09-16,97628 ,5615
5618,Lincoln,Holmes,Network Administrator,IT,Research & Development,Male,Black,35,2013-08-21,89051 ,5615
5619,Lincoln,Singh,Analyst,Sales,Corporate,Male,Asian,33,2021-01-09,55397 ,5775
5620,Lincoln,Cruz,Network Architect,IT,Corporate,Male,Latino,64,1997-07-15,72772 ,5615
5621,Lincoln,Alvarado,Sr. Analyst,Marketing,Manufacturing,Male,Latino,65,2004-12-08,93857 ,5509
5622,Lincoln,Cheng,Sr. Analyst,,Corporate,Male,Asian,61,1997-10-14,88681 ,
5623,Logan,Young,Vice President,IT,Corporate,Male,Black,39,2010-08-16,239395 ,5615
5624,Logan,Reyes,Quality Engineer,Engineering,Corporate,Male,Latino,62,1995-04-10,78251 ,
5625,Logan,Brooks,Director,IT,Corporate,Male,Caucasian,28,2020-05-07,178300 ,5615
5626,Logan,Daniels,Sr. Analyst,Accounting,Corporate,Male,Caucasian,26,2022-05-07,70275 ,5641
5627,Logan,Ortega,Analyst II,,Manufacturing,Male,Latino,31,2020-05-19,64234 ,
5628,Luca,Powell,IT Coordinator,IT,Specialty Products,Male,Caucasian,33,2016-12-18,54700 ,5615
5629,Luca,Phan,Manager,Marketing,Corporate,Male,Asian,39,2015-06-17,129949 ,5509
5630,Luca,Liu,Account Representative,Sales,Manufacturing,Male,Asian,40,2007-06-22,70561 ,5775
5631,Luca,Hunter,Field Engineer,Engineering,Corporate,Male,Caucasian,39,2022-06-27,67216 ,
5632,Luca,Desai,Manager,Sales,Specialty Products,Male,Asian,45,2017-05-23,112076 ,5775
5633,Luca,Washington,Enterprise Architect,IT,Corporate,Male,Black,40,2022-06-27,65075 ,5615
5634,Luca,Jiang,Account Representative,Sales,Research & Development,Male,Asian,47,2013-09-08,57386 ,5775
5635,Luca,Xiong,Account Representative,Sales,Specialty Products,Male,Asian,52,2006-12-20,59845 ,5775
5636,Lucas,Richardson,Manager,Marketing,Corporate,Male,Caucasian,36,2018-07-22,118912 ,5509
5637,Lucas,Luong,Analyst,Marketing,Specialty Products,Male,Asian,42,2008-03-12,40778 ,5509
5638,Lucas,Zhu,Manager,IT,Manufacturing,Male,Asian,53,2011-03-14,123480 ,5615
5639,Lucas,Lo,Analyst,Accounting,Research & Development,Male,Asian,43,2004-01-18,49627 ,5641
5640,Lucas,Alexander,Director,IT,Manufacturing,Male,Black,41,2013-09-20,192944 ,5615
5641,Lucas,Lam,Manager,Accounting,Specialty Products,Male,Asian,34,2013-07-17,116676 ,5641
5642,Lucas,Grant,Sr. Business Partner,Human Resources,Manufacturing,Male,Caucasian,53,2012-03-28,97218 ,5684
5643,Lucas,Cruz,Sr. Analyst,Accounting,Specialty Products,Male,Latino,54,2009-07-11,74656 ,5641
5644,Lucas,Yang,Network Engineer,IT,Corporate,Male,Asian,28,2021-07-04,70996 ,5615
5645,Lucas,Sandoval,Sr. Analyst,Sales,Manufacturing,Male,Latino,41,2011-05-19,84627 ,5775
5646,Lucy,Edwards,Director,Human Resources,Specialty Products,Female,Black,33,2015-03-16,175875 ,5684
5647,Lucy,Simmons,Analyst II,Accounting,Corporate,Female,Caucasian,56,2001-03-01,73778 ,5641
5648,Lucy,Mai,Director,Engineering,Corporate,Female,Asian,56,2022-06-27,197579 ,
5649,Lucy,Chin,Director,IT,Manufacturing,Female,Asian,50,2011-04-22,175033 ,5615
5650,Lucy,Phan,Sr. Analyst,Sales,,Female,Asian,59,2021-02-18,99760 ,5775
5651,Luke,Ramos,Account Representative,Sales,Corporate,Male,Latino,30,2018-07-28,72463 ,5775
5652,Luke,Luna,Analyst II,Finance,Manufacturing,Male,Latino,55,2012-11-16,66172 ,5520
5653,Luke,Acosta,Network Architect,IT,Specialty Products,Male,Latino,57,2022-07-20,93872 ,5615
5654,Luke,Avila,Vice President,Accounting,Corporate,Male,Latino,27,2020-08-21,181587 ,5641
5655,Luna,Lu,IT Systems Architect,IT,Corporate,Female,Asian,62,1997-07-26,64208 ,5615
5656,Luna,Edwards,Manager,Sales,Research & Development,Female,Black,42,2014-04-13,106726 ,5775
5657,Luna,Castro,IT Systems Architect,IT,Specialty Products,Female,Latino,45,2007-02-01,88933 ,5615
5658,Luna,Chang,IT Coordinator,IT,Specialty Products,Female,Asian,64,2022-10-20,43271 ,5615
5659,Luna,Collins,,,Manufacturing,Female,Black,59,,92216 ,
5660,Lydia,Juarez,Director,Finance,Specialty Products,Female,Latino,36,2013-09-21,156029 ,5520
5661,Lydia,Marquez,Sr. Manager,Human Resources,Corporate,Female,Latino,29,2018-09-28,130790 ,5684
5662,Lydia,Ahmed,Vice President,Finance,Corporate,,Asian,39,2017-04-24,218052 ,5520
5663,Lydia,Chu,,IT,Research & Development,,Asian,30,2021-10-03,,5615
5664,Lyla,Turner,Sr. Manager,Sales,Specialty Products,Female,Caucasian,51,2003-11-07,130862 ,5775
5665,Lyla,Lai,Manager,Human Resources,Specialty Products,Female,Asian,46,2004-08-11,125878 ,5684
5666,Lyla,Walker,Analyst,Accounting,Corporate,Female,Caucasian,49,2002-02-18,54633 ,5641
5667,Lyla,Clark,Sr. Analyst,Sales,Research & Development,Female,Caucasian,54,2018-12-12,78020 ,5775
5668,Madeline,Contreras,Analyst,Accounting,Corporate,Female,Latino,51,1995-10-31,59311 ,5641
5669,Madeline,Chung,Analyst,Finance,Research & Development,Female,Asian,63,2011-05-26,44444 ,5520
5670,Madeline,Smith,Cloud Infrastructure Architect,IT,Research & Development,Female,Caucasian,55,2011-11-23,66660 ,5615
5671,Madeline,Cruz,System Administrator,IT,Specialty Products,Female,Latino,63,2008-05-19,75396 ,5615
5672,Madeline,Doan,Manager,Human Resources,Corporate,Female,Asian,46,2021-01-10,104692 ,5684
5673,Madeline,Guerrero,Quality Engineer,Engineering,Corporate,Female,Latino,27,2020-08-16,61693 ,
5674,Madeline,Vu,System Administrator,IT,,Female,,61,2010-06-05,96404 ,5615
5675,Madelyn,Kang,IT Systems Architect,IT,Corporate,Female,Asian,37,2013-04-29,71871 ,5615
5676,Madelyn,Henry,Vice President,Human Resources,Specialty Products,Female,Caucasian,41,2007-05-10,224989 ,5684
5677,Madelyn,Chavez,Business Partner,Human Resources,Corporate,Female,Latino,43,2006-09-11,59514 ,5684
5678,Madelyn,Yee,Sr. Analyst,Accounting,Research & Development,Female,,49,1999-10-15,,5641
5679,Madison,Xu,Network Engineer,IT,Research & Development,Female,Asian,39,2017-12-13,66463 ,5615
5680,Madison,Gray,Vice President,Finance,Research & Development,Female,Caucasian,39,2011-08-29,189823 ,5520
5681,Madison,Phan,Manager,IT,Specialty Products,Female,Asian,45,2003-05-10,128115 ,5615
5682,Madison,White,Vice President,IT,,Female,Caucasian,42,2011-07-09,240940 ,5615
5683,Maria,Barnes,,Marketing,,Female,Caucasian,64,2003-05-13,76506 ,5509
5684,Mason,Oh,Manager,Human Resources,Manufacturing,Male,Asian,25,2022-04-11,125644 ,5684
5685,Mateo,Jordan,Network Administrator,IT,Specialty Products,Male,Caucasian,44,2021-02-13,92939 ,5615
5686,Mateo,Chung,Network Architect,IT,Corporate,Male,Asian,52,2018-07-27,81438 ,5615
5687,Mateo,Vargas,Network Architect,IT,Specialty Products,Male,Latino,53,1994-04-20,75226 ,5615
5688,Matthew,Avila,Computer Systems Manager,IT,Manufacturing,Male,Latino,55,2003-06-17,68592 ,5615
5689,Matthew,Simmons,Sr. Manager,Accounting,Research & Development,Male,Black,28,2022-12-19,142797 ,5641
5690,Matthew,Harris,Sr. Manager,Accounting,Corporate,Male,Caucasian,36,2021-03-27,156085 ,5641
5691,Matthew,Parker,Analyst,Sales,Research & Development,Male,Caucasian,40,2021-09-15,59447 ,5775
5692,Matthew,Vargas,Sr. Manager,IT,,,Latino,53,1999-05-24,150893 ,5615
5693,Matthew,Jackson,Manager,Marketing,Specialty Products,Male,Caucasian,30,2019-10-13,111274 ,5509
5694,Maverick,Hwang,Vice President,Human Resources,Research & Development,Male,Asian,40,2015-04-20,227816 ,5684
5695,Maverick,Alvarado,Solutions Architect,IT,Manufacturing,Male,Latino,34,2016-06-11,75511 ,5615
5696,Maverick,Howard,IT Coordinator,IT,Specialty Products,Male,Caucasian,25,2021-04-13,54353 ,5615
5697,Maya,Gupta,Field Engineer,Engineering,Corporate,Female,Asian,28,2019-08-04,87675 ,
5698,Maya,Watson,Manager,Human Resources,Specialty Products,Female,Caucasian,59,2017-01-07,108612 ,5684
5699,Melody,Woods,Network Administrator,IT,Research & Development,Female,Caucasian,63,2010-12-20,78788 ,5615
5700,Melody,Leung,Vice President,Human Resources,Research & Development,Female,Asian,35,2015-03-20,182436 ,5684
5701,Melody,Luu,Vice President,Finance,Research & Development,Female,Asian,28,2021-04-03,219180 ,5520
5702,Melody,Yoon,Business Partner,Human Resources,,Female,Asian,49,2014-10-15,40352 ,5684
5703,Melody,Delgado,Network Architect,IT,Specialty Products,Female,Latino,48,2012-11-28,,5615
5704,Mia,Grant,Solutions Architect,IT,Corporate,Female,Caucasian,43,2007-02-16,70923 ,5615
5705,Mia,Jiang,Vice President,Accounting,Manufacturing,Female,Asian,42,2015-06-19,255892 ,5641
5706,Mia,Vasquez,Test Engineer,Engineering,Research & Development,Female,Latino,27,2019-12-02,64297 ,
5707,Mia,Brown,Analyst II,Accounting,Corporate,Female,Caucasian,30,2016-08-10,60261 ,5641
5708,Mia,Navarro,Technical Architect,IT,Research & Development,Female,Latino,52,2011-06-19,91518 ,5615
5709,Mia,Thomas,Manager,Human Resources,Corporate,Female,Caucasian,57,2013-05-17,122979 ,5684
5710,Mia,Huang,Sr. Manager,IT,Corporate,Female,Asian,33,2018-09-21,124404 ,5615
5711,Mia,Vang,,Finance,Corporate,Female,Asian,38,2014-04-19,256509 ,5520
5712,Michael,Turner,Manager,Human Resources,Specialty Products,Male,Black,28,2019-12-29,115916 ,5684
5713,Michael,Johnson,Manager,Finance,Corporate,Male,Caucasian,57,2011-04-18,114241 ,5520
5714,Michael,Hoang,,,,,,59,2017-05-04,,
5715,Mila,Han,Manager,Sales,Manufacturing,Female,Asian,54,2009-11-14,128791 ,5775
5716,Mila,Vang,Analyst II,Finance,Manufacturing,Female,Asian,46,2009-08-25,56409 ,5520
5717,Mila,Cheung,Enterprise Architect,IT,Specialty Products,Female,Asian,32,2021-12-17,73135 ,5615
5718,Mila,Liang,Manager,Marketing,Research & Development,Female,Asian,63,2005-03-28,106880 ,5509
5719,Mila,Vasquez,Vice President,Human Resources,Corporate,Female,Latino,48,2013-07-26,225725 ,5684
5720,Miles,Chang,Analyst II,Finance,Corporate,Male,Asian,62,1999-02-19,69674 ,5520
5721,Miles,Perez,Manager,Sales,Manufacturing,Male,Latino,42,2019-06-11,112146 ,5775
5722,Miles,Ross,IT Coordinator,IT,Specialty Products,Male,Black,31,2017-04-18,50022 ,5615
5723,Miles,Liu,Analyst,Sales,Research & Development,Male,Asian,35,2021-05-25,52232 ,5775
5724,Naomi,Lee,System Administrator,IT,Research & Development,Female,Asian,58,2014-04-15,91132 ,5615
5725,Naomi,Wright,System Administrator,IT,Manufacturing,Female,Caucasian,36,2016-11-03,99249 ,5615
5726,Naomi,Moua,Director,Sales,Specialty Products,Female,Asian,58,2010-01-13,150633 ,5775
5727,Naomi,Ma,Field Engineer,Engineering,Corporate,Female,Asian,55,1995-05-16,67131 ,
5728,Natalia,Richardson,Sr. Manager,Sales,Research & Development,Female,Caucasian,36,2017-06-02,150825 ,5775
5729,Natalia,Cheng,Systems Analyst,IT,Corporate,Female,Asian,65,2002-07-29,47919 ,5615
5730,Natalia,Hall,Analyst II,Accounting,Research & Development,Female,Caucasian,37,2018-11-08,72005 ,5641
5731,Natalie,Stewart,Network Engineer,IT,Corporate,Female,Caucasian,50,2003-06-30,92344 ,5615
5732,Natalie,Ho,Analyst II,Finance,Research & Development,Female,Asian,33,2020-11-22,64327 ,5520
5733,Natalie,Zheng,Network Engineer,IT,Manufacturing,Female,Asian,28,2019-06-21,61573 ,5615
5734,Natalie,Acosta,Sr. Manager,Marketing,Specialty Products,Female,Latino,36,2019-01-08,157976 ,5509
5735,Nathan,Hong,Director,Finance,Corporate,Male,Asian,50,2019-10-02,150631 ,5520
5736,Nathan,Yee,Development Engineer,Engineering,Research & Development,Male,Asian,58,2009-10-24,77196 ,
5737,Nathan,Parker,Engineering Manager,Engineering,Specialty Products,Male,Caucasian,49,2002-04-24,108636 ,
5738,Nathan,Jackson,Vice President,Accounting,,Male,Caucasian,41,2011-03-25,210085 ,5641
5739,Nevaeh,Jiang,Sr. Manager,Marketing,Corporate,Female,Asian,45,2016-08-05,143318 ,5509
5740,Nevaeh,Clark,Sr. Manager,Marketing,Specialty Products,Female,Black,32,2018-08-16,139552 ,5509
5741,Nevaeh,Butler,Field Engineer,Engineering,Research & Development,Female,Caucasian,55,2009-07-10,82271 ,
5742,Nevaeh,Truong,Network Architect,IT,Specialty Products,Female,Asian,55,2012-05-23,87857 ,5615
5743,Nevaeh,Lim,Controls Engineer,Engineering,Corporate,Female,Asian,55,1999-03-29,120092 ,
5744,Nevaeh,Ng,Sr. Manager,,Manufacturing,,Asian,30,2019-03-18,159823 ,
5745,Nevaeh,Ali,Manager,,Manufacturing,Female,Asian,48,2013-03-22,100652 ,
5746,Nevaeh,Diaz,Director,Marketing,,Female,Latino,44,2018-03-03,167660 ,5509
5747,Nicholas,Zhou,Sr. Account Representative,Sales,Manufacturing,Male,Asian,58,2014-10-28,85094 ,5775
5748,Nicholas,Vo,Analyst II,Accounting,Corporate,Male,Asian,50,2002-06-01,54646 ,5641
5749,Nicholas,Sanders,Vice President,Sales,Manufacturing,Male,Caucasian,45,2014-11-23,239980 ,5775
5750,Nicholas,Jiang,Engineering Manager,Engineering,Manufacturing,Male,Asian,62,2003-12-13,80132 ,
5751,Noah,Rojas,Analyst II,Finance,Manufacturing,Male,Latino,37,2019-11-14,69408 ,5520
5752,Noah,Ma,Vice President,Accounting,Manufacturing,Male,Asian,28,2018-11-06,201013 ,5641
5753,Noah,Truong,Vice President,Sales,Manufacturing,Male,Asian,47,2013-12-08,246680 ,5775
5754,Noah,Mitchell,Network Engineer,IT,Research & Development,Male,Caucasian,54,2007-06-15,70519 ,5615
5755,Noah,Sharma,,Finance,Specialty Products,Male,Asian,59,2008-02-09,186854 ,5520
5756,Noah,Allen,Analyst,Accounting,Corporate,Male,,27,2022-01-06,52058 ,5641
5757,Nolan,Howard,Quality Engineer,Engineering,Research & Development,Male,Caucasian,26,2022-04-18,82963 ,
5758,Nolan,Brooks,Business Partner,Human Resources,Manufacturing,Male,Caucasian,40,2014-11-08,49342 ,5684
5759,Nolan,Garcia,Analyst II,Sales,Specialty Products,Male,Latino,26,2022-06-16,66865 ,5775
5760,Nolan,Han,Business Partner,Human Resources,Corporate,Male,Asian,29,2017-11-19,53090 ,5684
5761,Nora,Herrera,Vice President,Marketing,Specialty Products,Female,Latino,60,1997-12-24,231907 ,5509
5762,Nora,Butler,Vice President,IT,Research & Development,Female,Black,26,2022-05-06,188880 ,5615
5763,Nora,Her,Field Engineer,Engineering,Specialty Products,Female,Asian,32,2014-04-24,68780 ,
5764,Nova,Lin,Vice President,Sales,Specialty Products,Female,Asian,31,2019-04-09,201235 ,5775
5765,Nova,Martin,Manager,Human Resources,Research & Development,Female,Caucasian,39,2013-04-13,129087 ,5684
5766,Nova,Xiong,Network Administrator,IT,Corporate,Female,Asian,49,2019-04-10,93306 ,5615
5767,Nova,Park,Analyst,Sales,Corporate,Female,Asian,29,2017-07-23,48563 ,5775
5768,Nova,Rios,Sr. Manager,Human Resources,Specialty Products,Female,Latino,42,2019-04-15,130874 ,5684
5769,Nova,Doan,IT Systems Architect,IT,Manufacturing,Female,Asian,36,2018-08-28,98733 ,5615
5770,Oliver,Ford,Manager,Sales,Research & Development,Male,Black,32,2018-12-15,101564 ,5775
5771,Oliver,Jones,Vice President,Accounting,Manufacturing,Male,Caucasian,56,2016-03-20,192374 ,5641
5772,Oliver,Delgado,Test Engineer,Engineering,Research & Development,Male,Latino,45,2017-02-22,84309 ,
5773,Oliver,Fernandez,Manager,Marketing,Research & Development,Male,Latino,31,2022-05-15,125664 ,5509
5774,Oliver,Hunter,Service Desk Analyst,IT,Manufacturing,Male,Caucasian,38,2015-12-20,70588 ,5615
5775,Olivia,Xi,Manager,Sales,Specialty Products,Female,Asian,26,2020-08-19,124535 ,5775
5776,Olivia,Vazquez,Network Engineer,IT,Specialty Products,Female,Latino,53,2020-04-13,93053 ,5615
5777,Olivia,Mendoza,Sr. Account Representative,Sales,Corporate,Female,Latino,43,2017-05-07,86533 ,5775
5778,Olivia,Marquez,Account Representative,Sales,Specialty Products,Female,Latino,44,2020-04-06,54295 ,5775
5779,Olivia,Turner,Director,Marketing,Specialty Products,Female,Caucasian,29,2021-01-07,151492 ,5509
5780,Olivia,Maldonado,Test Engineer,Engineering,Research & Development,Female,Latino,63,2002-02-18,86820 ,
5781,Owen,Guerrero,Field Engineer,Engineering,Corporate,Male,Latino,40,2022-09-03,97938 ,
5782,Owen,Evans,Enterprise Architect,IT,Manufacturing,Male,Caucasian,34,2021-05-28,68972 ,5615
5783,Owen,Han,Analyst II,Sales,Specialty Products,Male,Asian,30,2022-09-01,66892 ,5775
5784,Owen,Nelson,Engineering Manager,Engineering,Specialty Products,Male,Caucasian,58,2003-01-06,91729 ,
5785,Owen,Ford,Vice President,Human Resources,Corporate,Male,Caucasian,37,2015-02-10,214782 ,5684
5786,Owen,Scott,Solutions Architect,IT,Research & Development,Male,Black,45,2005-07-17,74777 ,5615
5787,Paisley,Dominguez,Engineering Manager,Engineering,Research & Development,Female,Latino,53,2009-06-14,123203 ,
5788,Paisley,Baker,Test Engineer,Engineering,Manufacturing,Female,Caucasian,58,2002-12-23,86094 ,
5789,Paisley,Bell,,Finance,,Female,Black,42,2012-01-10,110720 ,5520
5790,Parker,Lai,Vice President,Accounting,Specialty Products,Male,Asian,48,2006-11-29,246400 ,5641
5791,Parker,Thao,Analyst II,Sales,Corporate,Male,Asian,55,2011-05-08,65022 ,5775
5792,Parker,Joseph,Systems Analyst,IT,Specialty Products,Male,Caucasian,53,2000-01-21,55039 ,5615
5793,Penelope,Chan,Analyst II,Accounting,Manufacturing,Female,Asian,59,2012-05-20,57704 ,5641
5794,Penelope,Mai,Vice President,Sales,Corporate,Female,Asian,43,2004-05-02,252938 ,5775
5795,Penelope,Santos,IT Systems Architect,IT,Manufacturing,Female,Latino,37,2009-03-01,92849 ,5615
5796,Penelope,Desai,Vice President,Finance,Manufacturing,Female,Asian,41,2018-10-29,238155 ,5520
5797,Penelope,Sandoval,Sr. Manager,Sales,Corporate,Female,Latino,28,2019-12-18,132209 ,5775
5798,Penelope,Avila,Analyst,,,Female,Latino,35,2012-05-22,,
5799,Peyton,Wright,Sr. Manager,Marketing,Corporate,Female,Black,41,2017-05-13,153370 ,5509
5800,Peyton,Edwards,Analyst II,Finance,Manufacturing,Female,Caucasian,65,2020-07-11,59344 ,5520
5801,Peyton,Allen,Manager,Marketing,Specialty Products,Female,Caucasian,26,2020-11-23,112264 ,5509
5802,Peyton,Alvarado,Service Desk Analyst,IT,Manufacturing,Female,Latino,31,2015-10-24,73612 ,5615
5803,Peyton,Powell,System Administrator,IT,Research & Development,Female,Caucasian,44,2003-02-16,74431 ,5615
5804,Peyton,Wong,Vice President,Accounting,Manufacturing,Female,Asian,35,2020-08-05,218127 ,5641
5805,Peyton,Gomez,Analyst,Finance,Specialty Products,Female,Latino,56,2020-01-14,42950 ,5520
5806,Piper,Garcia,Sr. Manager,Sales,Research & Development,Female,Latino,60,1993-11-24,126929 ,5775
5807,Piper,Tang,Vice President,Human Resources,Manufacturing,Female,Asian,50,2011-07-28,216787 ,5684
5808,Piper,Cruz,Director,Sales,Research & Development,Female,Latino,61,2013-04-13,195636 ,5775
5809,Piper,Hsu,Analyst,Accounting,Research & Development,Female,Asian,45,2015-08-23,48491 ,5641
5810,Piper,Evans,Computer Systems Manager,IT,Specialty Products,Female,Caucasian,52,2014-01-28,89379 ,5615
5811,Piper,Oh,,Marketing,Research & Development,Female,,57,1996-01-23,73117 ,5509
5812,Quinn,Lai,Systems Analyst,IT,Research & Development,Female,Asian,58,2003-08-28,41946 ,5615
5813,Quinn,Ho,Vice President,Accounting,Research & Development,Female,Asian,45,2002-07-20,200481 ,5641
5814,Quinn,Owens,Field Engineer,Engineering,Manufacturing,Female,Caucasian,40,2018-05-09,74329 ,
5815,Raelynn,Espinoza,Analyst,Accounting,Corporate,Female,Latino,46,2002-09-12,44411 ,5641
5816,Riley,King,Director,Marketing,Specialty Products,Female,Black,53,2013-08-10,163480 ,5509
5817,Riley,Phillips,Vice President,Engineering,Specialty Products,Female,Caucasian,26,2022-08-05,211121 ,
5818,Riley,Vega,Director,Engineering,Research & Development,Female,Latino,25,2022-11-11,177264 ,
5819,Riley,Ayala,Manager,Accounting,Specialty Products,Female,Latino,42,2010-02-20,128714 ,5641
5820,Robert,Patel,Analyst,Sales,Corporate,Male,Asian,58,2013-10-23,45703 ,5775
5821,Robert,Soto,HRIS Analyst,Human Resources,Research & Development,Male,Latino,47,2008-09-10,72384 ,5684
5822,Robert,Rogers,Vice President,Engineering,Manufacturing,Male,Caucasian,53,2011-08-26,258734 ,
5823,Robert,Padilla,Analyst II,Accounting,Manufacturing,Male,Latino,65,1998-02-16,63346 ,5641
5824,Robert,Santos,Sr. Manager,Human Resources,,Male,Latino,47,2000-12-29,134612 ,5684
5825,Roman,Liang,Sr. Analyst,Sales,Manufacturing,Male,Asian,28,2021-03-04,85206 ,5775
5826,Roman,Mendoza,Vice President,Accounting,Specialty Products,Male,Latino,54,1994-09-04,257489 ,5641
5827,Ruby,Alexander,Vice President,Finance,Research & Development,Female,Caucasian,59,2001-08-13,255610 ,5520
5828,Ruby,Kaur,Test Engineer,Engineering,Research & Development,Female,Asian,26,2021-06-26,91672 ,
5829,Ruby,Reed,Vice President,Engineering,Specialty Products,Female,Caucasian,26,2022-01-23,249062 ,
5830,Ruby,Rahman,Business Partner,Human Resources,Manufacturing,Female,Asian,62,2005-12-05,41616 ,5684
5831,Ryan,Vo,Cloud Infrastructure Architect,IT,Research & Development,Male,Asian,38,2011-04-12,65109 ,5615
5832,Ryan,Reed,Sr. Analyst,Sales,Manufacturing,Male,Black,48,2019-10-28,90296 ,5775
5833,Ryan,Rivera,Director,Human Resources,Specialty Products,Male,Latino,53,2001-11-29,179983 ,5684
5834,Ryan,Yi,Solutions Architect,IT,Specialty Products,Male,Asian,56,2003-08-17,82758 ,5615
5835,Ryan,Huang,Controls Engineer,Engineering,Research & Development,Male,Asian,40,2009-10-12,80150 ,
5836,Ryan,Alvarez,HRIS Analyst,Human Resources,Research & Development,Male,Latino,62,2018-11-29,72025 ,5684
5837,Ryan,Foster,IT Coordinator,IT,Specialty Products,Male,Caucasian,44,2004-02-22,41275 ,5615
5838,Rylee,Howard,Sr. Manager,Finance,Manufacturing,Female,Black,33,2014-08-18,135215 ,5520
5839,Rylee,Campos,Manager,Finance,Research & Development,Female,Latino,49,2005-02-09,107461 ,5520
5840,Sadie,Singh,Director,Engineering,Specialty Products,Female,Asian,45,2022-03-16,182717 ,
5841,Sadie,Chin,Vice President,Human Resources,Specialty Products,Female,Asian,51,2000-07-26,199736 ,5684
5842,Sadie,Pham,Analyst II,Finance,Specialty Products,Female,Asian,26,2022-12-25,66563 ,5520
5843,Sadie,Ali,Manager,Marketing,Specialty Products,Female,,53,2014-04-05,125099 ,5509
5844,Samantha,Ford,Technical Architect,IT,Manufacturing,Female,Caucasian,25,2022-01-19,86075 ,5615
5845,Samantha,Zhu,Vice President,IT,Specialty Products,Female,Asian,55,2001-10-27,256592 ,5615
5846,Samantha,Do,IT Systems Architect,IT,Research & Development,Female,Asian,27,2021-11-19,99612 ,5615
5847,Samantha,Chau,Network Architect,IT,Specialty Products,Female,,28,2021-11-10,83965 ,5615
5848,Samuel,Kumar,Network Engineer,IT,Corporate,Male,Asian,43,2009-03-09,85261 ,5615
5849,Samuel,Tang,System Administrator,IT,Manufacturing,Male,Asian,34,2012-09-15,93760 ,5615
5850,Samuel,Thomas,Vice President,Accounting,Specialty Products,Male,Caucasian,43,2016-02-15,180385 ,5641
5851,Samuel,Xu,Quality Engineer,Engineering,Research & Development,Male,Asian,32,2019-09-20,82887 ,
5852,Samuel,Cruz,Sr. Manager,Human Resources,Specialty Products,Male,Latino,61,1993-04-30,157672 ,5684
5853,Samuel,Patterson,Vice President,Accounting,Specialty Products,Male,Caucasian,25,2022-10-07,197331 ,5641
5854,Samuel,Watson,Network Architect,IT,Corporate,Male,Caucasian,29,2022-04-09,77557 ,5615
5855,Santiago,Ross,Enterprise Architect,IT,Specialty Products,Male,Caucasian,34,2012-12-13,74004 ,5615
5856,Santiago,Banks,Sr. Manager,IT,Specialty Products,Male,Caucasian,44,2019-08-16,151481 ,5615
5857,Santiago,Turner,Sr. Account Representative,Sales,Research & Development,Male,Caucasian,46,2003-02-24,74912 ,5775
5858,Santiago,Xiong,Manager,Sales,Manufacturing,Male,Asian,43,2008-09-26,120305 ,5775
5859,Santiago,Vo,Director,Sales,Manufacturing,Male,Asian,47,2019-07-15,169487 ,5775
5860,Santiago,Brooks,Sr. Business Partner,Human Resources,Corporate,Male,Caucasian,46,2012-01-20,92247 ,5684
5861,Santiago,Wang,Sr. Manager,Sales,,Male,Asian,27,2021-08-09,133267 ,5775
5862,Sarah,Johnson,Director,Engineering,Research & Development,Female,Caucasian,31,2018-03-06,150653 ,
5863,Sarah,Mehta,HRIS Analyst,Human Resources,Research & Development,Female,Asian,31,2016-08-23,62848 ,5684
5864,Sarah,Shin,Vice President,IT,Manufacturing,Female,Asian,26,2021-12-03,193435 ,5615
5865,Savannah,Morales,Analyst II,Marketing,Corporate,Female,Latino,48,2005-01-26,71542 ,5509
5866,Savannah,Lee,Manager,Human Resources,Research & Development,Female,Asian,51,2020-07-22,104008 ,5684
5867,Savannah,Rodriguez,Director,Sales,Corporate,Female,Latino,30,2022-11-18,168050 ,5775
5868,Savannah,Cortez,Service Desk Analyst,IT,Specialty Products,Female,Latino,55,2018-12-15,95400 ,5615
5869,Scarlett,Delgado,Cloud Infrastructure Architect,IT,Research & Development,Female,Latino,57,2013-08-28,80728 ,5615
5870,Scarlett,Green,Network Engineer,IT,Specialty Products,Female,Caucasian,26,2020-04-21,67702 ,5615
5871,Scarlett,Howard,Manager,Finance,Manufacturing,Female,Caucasian,55,2012-08-12,117421 ,5520
5872,Scarlett,Rodriguez,Solutions Architect,IT,Corporate,Female,Latino,64,2022-11-03,71864 ,5615
5873,Sebastian,Sanders,Manager,Sales,Corporate,Male,Caucasian,39,2009-01-23,100718 ,5775
5874,Sebastian,Vargas,Sr. Manager,Marketing,Corporate,Male,,48,2019-07-12,121884 ,5509
5875,Serenity,Cao,Account Representative,Sales,Manufacturing,Female,Asian,31,2018-10-21,66721 ,5775
5876,Serenity,Martin,Sr. Analyst,Finance,Manufacturing,Female,Black,26,2021-05-16,97542 ,5520
5877,Serenity,Gray,Analyst,Sales,Research & Development,Female,Black,56,2012-06-19,55008 ,5775
5878,Serenity,Mehta,Analyst,Sales,Research & Development,Female,Asian,51,1998-07-21,57277 ,5775
5879,Serenity,Morris,Manager,IT,Corporate,Female,Caucasian,41,2008-04-12,114588 ,5615
5880,Serenity,Her,Director,Accounting,Specialty Products,Female,Asian,50,1997-08-22,159285 ,5641
5881,Serenity,Rodriguez,Director,Finance,Corporate,Female,Latino,54,1995-04-10,195662 ,5520
5882,Serenity,Richardson,Director,,Specialty Products,Female,Caucasian,45,2019-03-14,,
5883,Silas,Ross,Analyst,Marketing,Research & Development,Male,Caucasian,47,2016-02-10,48523 ,5509
5884,Skylar,Parker,Technical Architect,IT,Corporate,Female,Caucasian,31,2018-08-05,96195 ,5615
5885,Skylar,Xu,Test Engineer,Engineering,Research & Development,Female,Asian,60,1997-10-16,72806 ,
5886,Sofia,Vasquez,Director,Sales,Research & Development,Female,Latino,52,1996-07-29,191455 ,5775
5887,Sofia,Zhang,Analyst,Finance,Specialty Products,Female,Asian,51,2005-01-11,55368 ,5520
5888,Sofia,Estrada,Controls Engineer,Engineering,Specialty Products,Female,Latino,42,2006-03-26,104916 ,
5889,Sofia,Chen,Manager,Finance,Specialty Products,Female,Asian,46,2006-08-27,108003 ,5520
5890,Sofia,Shin,Computer Systems Manager,IT,Specialty Products,Female,Asian,42,2008-04-11,66248 ,5615
5891,Sofia,Yee,System Administrator,IT,Research & Development,Female,Asian,52,2018-12-25,98060 ,5615
5892,Sophia,Gutierrez,Manager,Accounting,Specialty Products,Female,Latino,63,2009-02-08,102649 ,5641
5893,Sophia,Wang,Analyst,Marketing,Specialty Products,Female,Asian,50,2000-05-20,48733 ,5509
5894,Sophia,Rodriguez,Development Engineer,Engineering,Specialty Products,Female,Latino,58,2007-10-31,96256 ,
5895,Sophia,Griffin,Vice President,Marketing,Specialty Products,Female,Caucasian,50,2018-06-29,181570 ,5509
5896,Sophia,Collins,Cloud Infrastructure Architect,IT,Specialty Products,Female,Caucasian,46,2022-01-08,69110 ,5615
5897,Sophie,Griffin,Account Representative,Sales,Research & Development,Female,Caucasian,56,2017-01-09,60517 ,5775
5898,Stella,Daniels,Cloud Infrastructure Architect,IT,Manufacturing,Female,Black,37,2011-10-30,72637 ,5615
5899,Stella,Tan,Director,Human Resources,Specialty Products,Female,Asian,48,2009-08-22,168202 ,5684
5900,Stella,Castro,Test Engineer,Engineering,Corporate,Female,Latino,53,2009-04-17,75060 ,
5901,Stella,Gupta,Sr. Analyst,Accounting,Corporate,Female,Asian,33,2020-02-18,97261 ,5641
5902,Theodore,Bui,Vice President,Sales,Specialty Products,Male,Asian,53,2012-05-13,252140 ,5775
5903,Theodore,Lai,System Administrator,IT,Specialty Products,Male,Asian,55,2008-12-27,94026 ,5615
5904,Theodore,Truong,HRIS Analyst,Human Resources,Corporate,Male,Asian,45,2017-05-23,66324 ,5684
5905,Thomas,Rodriguez,Analyst,Finance,Manufacturing,Male,Latino,36,2019-10-09,51669 ,5520
5906,Thomas,Silva,Analyst,Finance,Specialty Products,Male,Latino,45,2015-08-13,52798 ,5520
5907,Thomas,Smith,Field Engineer,Engineering,Specialty Products,Male,Caucasian,57,1999-04-02,78212 ,
5908,Thomas,Lam,,Engineering,Manufacturing,Male,Asian,52,2022-11-18,,
5909,Valentina,Oh,Sr. Manager,Sales,Corporate,Female,Asian,32,2022-07-12,126464 ,5775
5910,Valentina,Zhang,Systems Analyst,IT,Manufacturing,Female,Asian,27,2021-03-10,51133 ,5615
5911,Valentina,Campos,System Administrator,IT,Manufacturing,Female,Latino,37,2020-03-06,93656 ,5615
5912,Valentina,Fernandez,Director,,Corporate,Female,Latino,62,2012-01-23,,
5913,Valentina,Nelson,Network Administrator,IT,Manufacturing,Female,Caucasian,50,2013-12-16,63884 ,5615
5914,Victoria,Park,Analyst,Marketing,Research & Development,Female,Asian,27,2020-03-18,45989 ,5509
5915,Victoria,Wu,Sr. Analyst,Sales,Manufacturing,Female,Asian,35,2021-10-28,75602 ,5775
5916,Victoria,Doan,Manager,Sales,Corporate,Female,Asian,42,2018-03-06,112593 ,5775
5917,Victoria,Vo,Field Engineer,Engineering,Corporate,Female,Asian,44,2017-12-18,82241 ,
5918,Victoria,Hu,Field Engineer,Engineering,Manufacturing,Female,Asian,37,2017-04-21,93348 ,
5919,Victoria,Vazquez,Test Engineer,Engineering,Research & Development,Female,,45,,92037 ,
5920,Violet,Huynh,Manager,Sales,Research & Development,Female,Asian,50,2008-02-29,123096 ,5775
5921,Violet,Santiago,Service Desk Analyst,IT,Research & Development,Female,Latino,32,2018-01-14,78414 ,5615
5922,Violet,Simmons,Analyst,Marketing,Research & Development,Female,Caucasian,33,2017-10-23,53948 ,5509
5923,Violet,He,Analyst,Sales,,,Asian,31,2021-11-19,,5775
5924,Violet,Duong,Vice President,Marketing,Specialty Products,Female,Asian,42,2014-09-22,226646 ,5509
5925,Vivian,Lim,IT Coordinator,IT,Specialty Products,Female,Asian,34,2021-01-22,44677 ,5615
5926,Vivian,Chan,Sr. Analyst,Sales,Specialty Products,Female,Asian,61,1997-05-12,72546 ,5775
5927,Vivian,Watson,Development Engineer,Engineering,Specialty Products,Female,Caucasian,52,2017-07-07,79323 ,
5928,Vivian,Jackson,Sr. Manager,Accounting,Corporate,Female,Black,51,1999-02-23,148942 ,5641
5929,Vivian,Brooks,Business Partner,Human Resources,Specialty Products,Female,Black,34,2022-09-12,57483 ,5684
5930,Wesley,Yu,Sr. Manager,Sales,Specialty Products,Male,Asian,43,2003-09-24,127175 ,5775
5931,Wesley,Duong,Sr. Business Partner,Human Resources,Specialty Products,Male,Asian,29,2022-04-14,86226 ,5684
5932,Wesley,Han,Test Engineer,Engineering,Research & Development,Male,Asian,62,2017-04-20,83955 ,
5933,William,Juarez,Technical Architect,IT,Specialty Products,Male,Latino,65,2016-07-29,88533 ,5615
5934,William,Roberts,Director,IT,Research & Development,Male,Caucasian,34,2017-04-12,174257 ,5615
5935,William,Song,Director,Human Resources,Research & Development,Male,Asian,36,2010-10-25,162957 ,5684
5936,Willow,Guzman,Enterprise Architect,IT,Manufacturing,Female,Latino,43,2010-06-26,85164 ,5615
5937,Willow,Vang,Sr. Analyst,Accounting,Manufacturing,Female,Asian,31,2018-05-18,78732 ,5641
5938,Willow,Chau,Development Engineer,Engineering,Corporate,Female,Asian,45,2011-09-09,86001 ,
5939,Willow,Estrada,Manager,Human Resources,,Female,Latino,28,2021-03-11,108601 ,5684
5940,Willow,Xiong,Sr. Manager,Marketing,Corporate,Female,Asian,37,2021-05-04,151363 ,5509
5941,Willow,Taylor,,Sales,Corporate,Female,Black,27,2021-02-08,51321 ,5775
5942,Wyatt,Dinh,System Administrator,IT,Specialty Products,Male,Asian,50,2002-03-15,72860 ,5615
5943,Wyatt,Cheung,Analyst II,Sales,Specialty Products,Male,Asian,44,2013-07-25,53703 ,5775
5944,Wyatt,Chan,Manager,Finance,Manufacturing,Male,Asian,53,2005-06-28,128226 ,5520
5945,Wyatt,Aguilar,Technical Architect,IT,Corporate,Male,Latino,26,2021-06-06,61481 ,5615
5946,Wyatt,Robinson,Development Engineer,Engineering,Research & Development,Male,Caucasian,55,2007-08-08,70451 ,
5947,Wyatt,Ly,Quality Engineer,Engineering,Corporate,Male,Asian,45,2008-12-19,82697 ,
5948,Xavier,Patel,Director,Marketing,Specialty Products,Male,Asian,53,2021-11-16,187740 ,5509
5949,Zoe,Maldonado,Vice President,Accounting,Corporate,Female,Latino,49,1998-09-25,198222 ,5641
5950,Zoey,Leung,Network Administrator,IT,Research & Development,Female,Asian,40,2007-09-27,77637 ,5615
5951,Zoey,Lu,Vice President,Marketing,Manufacturing,Female,Asian,45,2007-10-31,216269 ,5509
5952,Zoey,Ahmed,Quality Engineer,Engineering,Specialty Products,Female,Asian,56,2012-04-25,62497,
